"","vars","n","mean","sd","median","trimmed","mad","min","max","range","skew","kurtosis","se"
"src_subject_id",1,1460,1944.08561643836,551.445632253091,1949.5,1944.08818493151,707.2002,1001,2898,1897,-0.00278822962281004,-1.22729435930565,14.4319917964577
"truncvis",2,1337,8.27973074046372,6.90934565733073,6,7.97945845004669,7.413,0,20,20,0.444594012476929,-1.50580583394602,0.188960581288357
"panss_general_1",3,1307,34.8680183626626,9.33716262011409,34,34.4799426934097,10.3782,16,69,53,0.370569944415035,-0.164888232901197,0.258271883033685
"panss_negative_1",4,1307,19.3114001530222,6.39102070000096,19,19.0902578796562,5.9304,7,40,33,0.313992183372326,-0.215878695368355,0.176779715407414
"panss_positive_1",5,1307,16.9927314460597,5.7425750015428,17,16.7483285577841,5.9304,7,37,30,0.420304510024621,-0.165417850447955,0.15884329313443
"pos_p1_1",6,1307,3.03289977046672,1.46189091448104,3,2.96561604584527,1.4826,1,7,6,0.188991480215651,-0.768738504816191,0.0404368366102465
"pos_p2_1",7,1307,2.68171384850803,1.31564765812169,3,2.58070678127985,1.4826,1,7,6,0.437837783028102,-0.400633681086433,0.0363916547131741
"pos_p3_1",8,1307,2.84583014537108,1.53249258328868,3,2.7712511938873,1.4826,1,7,6,0.195899098602004,-1.16723915746357,0.0423897238726992
"pos_p4_1",9,1307,1.85233358837031,1.01971394307096,1,1.71394460362942,0,1,6,5,0.89264164219194,-0.174036532139043,0.0282059391003112
"pos_p5_1",10,1307,1.8699311400153,1.23374214228988,1,1.63992359121299,0,1,7,6,1.35289146116273,1.06834766264593,0.0341260958206731
"pos_p6_1",11,1307,2.95026778882938,1.35850432525669,3,2.90735434574976,1.4826,1,7,6,0.149003519649655,-0.772172269255245,0.0375770975047197
"pos_p7_1",12,1307,1.75975516449885,1.0398135367258,1,1.58739255014327,0,1,7,6,1.43091498743679,2.14580228936307,0.0287619067012467
"neg_n1_1",13,1307,2.89747513389441,1.33576714482459,3,2.84240687679083,1.4826,1,7,6,0.202928905695352,-0.690913265452425,0.0369481725685272
"neg_n2_1",14,1307,2.97054322876817,1.25168062037683,3,2.96704871060172,1.4826,1,6,5,-0.103792841939708,-0.751618080880041,0.0346222855843916
"neg_n3_1",15,1307,2.29609793420046,1.24947465207378,2,2.16045845272206,1.4826,1,7,6,0.706572599964071,-0.0969170245414213,0.0345612670918665
"neg_n4_1",16,1307,3.0026778882938,1.35029933366585,3,2.94890162368672,1.4826,1,7,6,0.274249882130221,-0.47057426848531,0.037350142195633
"neg_n5_1",17,1307,3.42272379495027,1.40857011096223,3,3.40687679083095,1.4826,1,7,6,0.113154425699384,-0.555441878489184,0.0389619491214064
"neg_n6_1",18,1307,2.50918133129304,1.38283887594812,2,2.36150907354346,1.4826,1,7,6,0.548000152975172,-0.56180414079811,0.0382502067227507
"neg_n7_1",19,1307,2.21270084162204,1.11593263244014,2,2.09837631327603,1.4826,1,6,5,0.559587081916363,-0.375159353193956,0.0308674095166964
"gps_g1_1",20,1306,2.20329249617152,1.2803483249313,2,2.03441682600382,1.4826,1,6,5,0.812426538122373,-0.270768820997586,0.0354288086845193
"gps_g2_1",21,1306,2.67457886676876,1.24512721299227,3,2.59560229445507,1.4826,1,7,6,0.266228274313009,-0.490126090890568,0.0344541973133435
"gps_g3_1",22,1307,2.18209640397858,1.36522133457681,2,2.00191021967526,1.4826,1,6,5,0.773248352234862,-0.637556830489677,0.0377628942736146
"gps_g4_1",23,1307,2.25325172149962,1.08982966488166,2,2.16618911174785,1.4826,1,6,5,0.404601475505341,-0.62307256817194,0.0301453847583858
"gps_g5_1",24,1307,1.69051262433053,0.98769704318333,1,1.53438395415473,0,1,7,6,1.31082392714686,1.24362679398966,0.0273203311957145
"gps_g6_1",25,1307,2.5876052027544,1.38942053988888,3,2.45176695319962,1.4826,1,7,6,0.469484831865561,-0.545504194962648,0.0384322597519883
"gps_g7_1",26,1307,1.95983167559296,1.11482463579812,2,1.80945558739255,1.4826,1,6,5,0.774644506167681,-0.569525081015305,0.0308367616217447
"gps_g8_1",27,1307,1.47551644988523,0.84441074101279,1,1.29083094555874,0,1,6,5,1.86473405187077,3.18946925002944,0.0233569405405278
"gps_g9_1",28,1307,2.47704667176741,1.22827566234968,3,2.38347659980898,1.4826,1,7,6,0.437848185798255,-0.431554144770189,0.0339748894933161
"gps_g10_1",29,1307,1.67482785003826,0.910337868829989,1,1.55587392550143,0,1,5,4,0.990341606328803,-0.204802096892405,0.0251805270128968
"gps_g11_1",30,1307,2.0761285386381,1.11105237228968,2,1.93648519579752,1.4826,1,7,6,0.743257633751047,-0.0510110163326232,0.030732418403225
"gps_g12_1",31,1307,2.74713083397093,1.39778777870375,3,2.63658070678128,1.4826,1,7,6,0.436618072694287,-0.435694722696404,0.038663702922942
"gps_g13_1",32,1306,2.09800918836141,1.12544748831638,2,1.97227533460803,1.4826,1,5,4,0.564797729036124,-0.792425922155487,0.0311425125269512
"gps_g14_1",33,1306,1.77029096477795,0.973435394363058,1,1.63288718929254,0,1,5,4,0.950264359779182,-0.221850251496271,0.0269361514222928
"gps_g15_1",34,1307,2.23144605967865,1.1696577315586,2,2.11604584527221,1.4826,1,6,5,0.61359703808525,-0.279941637063285,0.0323534800801034
"gps_g16_1",35,1306,2.76837672281776,1.34980741031613,3,2.65726577437859,1.4826,1,7,6,0.484463093851144,-0.180264306084517,0.0373508267788009
"b1_ppos_1",36,1306,18.3874425727412,5.60117352634057,18,18.2782026768642,5.9304,7,38,31,0.219487395738468,-0.170340432340058,0.154991342128841
"b1_pneg_1",37,1306,20.2488514548239,6.3723614945323,20,20.0592734225621,5.9304,7,41,34,0.292455117568312,-0.236337170174303,0.176331059183052
"b1_ppsy_1",38,1306,36.9969372128637,9.20810852687988,37,36.744741873805,8.8956,16,70,54,0.285929926111838,-0.110038497968982,0.254799658024799
"cut_pans_1",39,1307,2.58301453710788,0.92986970827497,3,2.57593123209169,1.4826,1,5,4,0.217106092106496,-0.255249415151674,0.0257207901696828
"cut_pos_1",40,1307,2.01071155317521,0.809282876100454,2,1.97612225405922,1.4826,1,4,3,0.319396545939253,-0.65789574307216,0.0223852813559359
"cut_neg_1",41,1307,2.31140015302219,0.884726680923957,2,2.27650429799427,1.4826,1,4,3,0.129030579458546,-0.748791597017151,0.0244721051939418
"cut_gen_1",42,1307,2.06426931905126,0.907726480752257,2,1.99235912129895,1.4826,1,4,3,0.438770930496484,-0.69181927204987,0.0251082943504053
"c1_panss_1",43,1306,-4.47166921898928,12.2406255243308,-4,-4.35181644359465,10.3782,-58,61,119,0.0164471201808725,1.9250109837002,0.338713123167971
"c1_ppos_1",44,1306,-1.39777947932619,4.2038664524222,-1,-1.38479923518164,2.9652,-17,17,34,0.0772270862321259,1.71552505192325,0.116326141392911
"c1_pneg_1",45,1306,-0.942572741194487,4.48489956452762,-1,-0.84225621414914,4.4478,-23,20,43,-0.196426301486521,1.64435285729641,0.124102672332905
"c1_ppsy_1",46,1306,-2.13284839203675,6.95316575568565,-2,-2.09273422562141,5.9304,-27,35,62,0.0483080635969414,1.379952729236,0.192402625530171
"b1_panss_1",47,1306,75.6316998468606,17.4088947104445,75,75.4216061185468,17.7912,31,133,102,0.178327517644562,0.000191965375288206,0.481725471182518
"cs01_1",48,1301,3.27132974634896,1.54539529410111,3,3.20941402497598,1.4826,1,7,6,0.257315140618152,-0.576633879710307,0.0428450779358388
"cs02a_1",49,1275,3.81098039215686,1.57938700887118,4,3.87952987267385,1.4826,1,6,5,-0.17485194337504,-1.06564761981769,0.0442316834698977
"cs02b_1",50,1274,3.31593406593407,1.66288596709495,3,3.27009803921569,1.4826,1,6,5,0.161204803541435,-1.18332997288889,0.0465883955774547
"cs02c_1",51,1274,3.57182103610675,1.90034072588754,4,3.58970588235294,2.9652,1,6,5,-0.0551430372218445,-1.49756747559925,0.0532410683723938
"cs02d_1",52,1274,3.77551020408163,1.59272105039071,4,3.83725490196078,1.4826,1,6,5,-0.188445311764929,-1.14812192038074,0.0446226138222651
"cs02e_1",53,1274,3.13736263736264,1.71517911194884,3,3.04705882352941,2.9652,1,6,5,0.251456558996891,-1.21649725357376,0.0480534712150214
"cs02f_1",54,1274,3.38736263736264,1.67207237635947,3,3.3593137254902,1.4826,1,6,5,0.0580708421880993,-1.2244891634859,0.046845767446134
"cs03_1",55,1289,64.7754072924748,25.3463620089633,70,66.8494675701839,29.652,1,100,99,-0.626079171981933,-0.201534754625967,0.705974760431083
"cs04_1",56,1298,2.94838212634823,1.00635666704176,3,3.05961538461538,1.4826,1,4,3,-0.700096327802804,-0.575326972649964,0.0279328070792153
"cs05_1",57,1300,3.37923076923077,0.805121802484218,4,3.53942307692308,0,1,4,3,-1.39120129237962,1.61936420444755,0.0223300610911603
"cs06_1",58,1308,0.65519877675841,0.47548521371398,1,0.693702290076336,0,0,1,1,-0.652302611254888,-1.5757042171296,0.0131471962005692
"cs07_1",59,1308,0.293577981651376,0.455575050525111,0,0.24236641221374,0,0,1,1,0.905511410741827,-1.18095019908791,0.0125966789304636
"cs08_1",60,1308,0.128440366972477,0.334707466684707,0,0.0362595419847328,0,0,1,1,2.21850781942391,2.92401418274736,0.00925468260080605
"cs09_1",61,1308,0.058868501529052,0.235468449052211,0,0,0,0,1,1,3.74397711241482,12.0265609898329,0.0065107174933001
"cs10_1",62,1308,0.00764525993883792,0.087135610921127,0,0,0,0,1,1,11.2922447404311,125.610825772263,0.00240930514723771
"cs11_1",63,1308,0.000764525993883792,0.0276500631804666,0,0,0,0,1,1,36.0833747288929,1301.00458540246,0.000764525993883792
"cs12_1",64,1308,0.014525993883792,0.119691026983983,0,0,0,0,1,1,8.10591839410142,63.7546568572834,0.00330946445824205
"cs13_1",65,1308,0.00611620795107034,0.0779964800982779,0,0,0,0,1,1,12.6545763201139,158.259296940925,0.00215660760257139
"cscigs_1",66,1280,11.7796875,14.0004990382129,10,9.431640625,14.826,0,99,99,1.75086333680491,4.72770206336167,0.391325844604555
"cs14_1",67,1308,1.25764525993884,0.623545620694208,1,1.09541984732824,0,1,5,4,2.6484160436058,7.02009480070753,0.0172410758080981
"cs15_1",68,1308,1.37155963302752,0.642431076537765,1,1.24713740458015,0,1,5,4,1.86162013661833,3.60997002352568,0.0177632598553644
"cs16_1",69,1300,3.76461538461538,0.955302977098954,4,3.77692307692308,1.4826,1,7,6,0.0713191320411579,0.27990013159428,0.0264953374425668
"b1_cgis_1",70,1306,3.95865237366003,0.938641403533486,4,3.96845124282983,1.4826,1,7,6,-0.0678556611075895,0.397280206687298,0.025973359016142
"b1_resp_1",71,1306,0.274119448698315,0.446240350135318,0,0.217973231357553,0,0,1,1,1.01159653187581,-0.977419104936395,0.0123480178670171
"c1_cgis_1",72,1296,-0.197530864197531,0.820552643023777,0,-0.196050096339114,0,-4,3,7,-0.168725733793766,1.14542865243478,0.0227931289728827
"cgisresp_1",73,1300,0.381538461538462,0.485554945541747,0,0.351923076923077,0,0,1,1,0.48716953070681,-1.76229396409591,0.0134668711785069
"e1_day",74,1460,230.446575342466,197.337102519416,152,219.435787671233,179.3946,1,646,645,0.503090758885116,-1.39709305835227,5.164548013665
"comp1_1a",75,1460,0.254109589041096,0.435508685632065,0,0.19263698630137,0,0,1,1,1.12843670390906,-0.727127230548372,0.0113977832277822
"comp_s",76,1460,0.482876712328767,0.499877927393151,0,0.478595890410959,0,0,1,1,0.0684629524701851,-1.99667900542676,0.0130824032786195
"es_day",77,1460,347.026712328767,200.009125833983,484.5,360.929794520548,108.9711,1,662,661,-0.489457518270139,-1.41668227138,5.23447805989315
"tmdisc1",78,1460,8.14929062085205,7.05994509236282,5.214286,7.74253914332192,6.19515040242,0.035714287,23.071428,23.035713713,0.514547256378306,-1.3944287847269,0.184767207675804
"censor1",79,1460,0.254109589041096,0.435508685632065,0,0.19263698630137,0,0,1,1,1.12843670390906,-0.727127230548372,0.0113977832277822
"dcr_eff1",80,1460,0.232876712328767,0.422809168231228,0,0.166095890410959,0,0,1,1,1.26269885599693,-0.40586818389863,0.0110654216671348
"dcr_tae1",81,1460,0.145890410958904,0.35311726705806,0,0.0573630136986301,0,0,1,1,2.00424664120716,2.01838846371422,0.0092415012528933
"dcr_pat1",82,1460,0.305479452054795,0.460768024388123,0,0.256849315068493,0,0,1,1,0.843753491581039,-1.28896148870735,0.0120588503364687
"tmsucc1",83,1460,3.80547945205479,5.65023222268274,1,2.61130136986301,1.4826,0,19,19,1.46223650470437,0.778243335205011,0.147873335677111
"compeff",84,1460,3.32602739726027,1.31235781798606,4,3.40753424657534,1.4826,1,5,4,-0.655864526566153,-0.864693817823676,0.0343459738466099
"dcr_pgo1",85,1460,0.0719178082191781,0.258440292144683,0,0,0,0,1,1,3.31054404288215,8.96584425615119,0.00676369157348653
"dcr_pst1",86,1460,0.233561643835616,0.423241416218986,0,0.166952054794521,0,0,1,1,1.25817490413959,-0.417280311953999,0.011076734113999
"b1_day",87,1460,1,0,1,1,0,1,1,0,NA,NA,0
"enddy_1",88,1460,228.180136986301,197.678461763933,146,216.791095890411,173.4642,1,646,645,0.514547245793359,-1.39442879900262,5.17348179340387
"enddy_s",89,1403,349.004989308624,201.666107583761,489,364.004452359751,94.8864,-2,662,664,-0.540521603917502,-1.37497761579283,5.38398796490682
"rtd01",90,1460,229.498630136986,197.422467229556,151.5,218.439212328767,180.1359,1,646,645,0.502380232356769,-1.39945553325407,5.1667821102366
"rtd02",91,1460,0.254109589041096,0.435508685632065,0,0.19263698630137,0,0,1,1,1.12843670390906,-0.727127230548372,0.0113977832277822
"rtd05a",92,1460,0.242465753424658,0.428721358954945,0,0.178082191780822,0,0,1,1,1.20058330605738,-0.558981181967412,0.0112201507701202
"rtd06a",93,1460,0.165753424657534,0.371986563717856,0,0.0821917808219178,0,0,1,1,1.79585862453517,1.22594929768933,0.00973533331660274
"rtd07a",94,1460,0.303424657534247,0.459894552917112,0,0.254280821917808,0,0,1,1,0.854285838239246,-1.2710648919034,0.0120359905432874
"rtd08",95,1460,0.00410958904109589,0.0639961362875529,0,0,0,0,1,1,15.4868962015408,238.006973839603,0.00167485543431244
"rtd11",96,1444,30.3026315789474,42.3300953411042,3,25.8762975778547,2.9652,1,99,98,0.874236758928643,-1.23330636544659,1.11394987739748
"rtd12",97,1427,74.0049053959355,38.7834908492774,95,80.4129483814523,0,1,99,98,-1.30252349007599,-0.302036490172821,1.02667954674283
"rand1_1a",98,1460,1,0,1,1,0,1,1,0,NA,NA,0
"ittpop_1",99,1460,0.980821917808219,0.137197579940345,1,1,0,0,1,1,-7.00438867706633,47.0937181178008,0.003590624773113
"phase1a",100,1460,0.158219178082192,0.36507143888851,0,0.0727739726027397,0,0,1,1,1.87112268494247,1.50213036559329,0.00955435622843388
"treat11a",101,1460,2.79315068493151,1.39703286546011,3,2.74143835616438,1.4826,1,5,4,0.258225931823597,-1.1675574861456,0.0365620211213288
"zpr_cort",102,1460,0.608904109589041,0.488163001698308,1,0.636130136986301,0,0,1,1,-0.445873682989258,-1.80242979269931,0.0127758096606171
"randreg1",103,1460,1.67328767123288,0.46917177195103,2,1.7166095890411,0,1,2,1,-0.738190110317103,-1.45607126304211,0.0122787864621605
"set1",104,1460,0.736986301369863,0.440420650477141,1,0.796232876712329,0,0,1,1,-1.0754444948428,-0.843995810762573,0.0115263352231239
"set2",105,1460,0.694520547945205,0.460768024388123,1,0.743150684931507,0,0,1,1,-0.843753491581039,-1.28896148870735,0.0120588503364687
"set3",106,1460,0.505479452054794,0.500141285304783,1,0.506849315068493,0,0,1,1,-0.0218966086837043,-2.00088960378733,0.013089295670177
"set4",107,1460,0.208219178082192,0.406173546494401,0,0.13527397260274,0,0,1,1,1.43574575230887,0.0614093335324899,0.0106300475479239
"panss_general",108,1447,37.0179682100898,9.30553802399416,37,36.7549611734254,10.3782,16,70,54,0.307951110897772,-0.0822902831818122,0.244628595849699
"panss_negative",109,1447,20.1741534208708,6.40971520881,20,20.0025884383089,5.9304,7,41,34,0.270571635634418,-0.279287827468103,0.168501770374221
"panss_positive",110,1447,18.4671734623359,5.63395841053944,18,18.3468507333909,5.9304,7,38,31,0.243992210078273,-0.113526223026071,0.148108291158677
"panss_total",111,1447,75.6579129232896,17.555122963182,75,75.4098360655738,17.7912,31,140,109,0.199860210237454,0.0179808648471771,0.461497773624563
"pos_p1",112,1448,3.33425414364641,1.44950030578545,3,3.30948275862069,1.4826,1,7,6,0.0334037237287791,-0.638176952731913,0.0380920223415861
"pos_p2",113,1448,2.9060773480663,1.32730260977845,3,2.85086206896552,1.4826,1,7,6,0.211312506044779,-0.664576478242343,0.0348807381853771
"pos_p3",114,1448,3.17610497237569,1.55970626831807,3,3.17413793103448,1.4826,1,7,6,-0.0827479648009487,-1.21863656155816,0.040988170738529
"pos_p4",115,1447,1.96682791983414,1.06054858718305,2,1.83779119930975,1.4826,1,6,5,0.75078144213886,-0.29856766650819,0.0278802269190678
"pos_p5",116,1447,2.069799585349,1.33573872979475,1,1.86194995685936,0,1,7,6,1.03820385983702,0.1052829646842,0.0351145617855953
"pos_p6",117,1447,3.22598479612992,1.35862160938959,3,3.23986194995686,1.4826,1,7,6,-0.07253886682851,-0.731660579808741,0.035716118266247
"pos_p7",118,1447,1.78991015894955,1.02463861602247,1,1.63157894736842,0,1,7,6,1.27215337093774,1.39210733327827,0.0269362077984791
"neg_n1",119,1447,3.04077401520387,1.40060111899809,3,3.00690250215703,1.4826,1,7,6,0.119205601477915,-0.709661035297043,0.0368196964219116
"neg_n2",120,1447,3.11955770559779,1.22229081031777,3,3.13546160483175,1.4826,1,7,6,-0.240058152099561,-0.590272575238366,0.0321321866481058
"neg_n3",121,1447,2.38769868693849,1.27033964719852,2,2.26229508196721,1.4826,1,7,6,0.665654482084994,0.0357359055101409,0.0333953182873558
"neg_n4",122,1447,3.16931582584658,1.33459076841325,3,3.15962036238136,1.4826,1,7,6,0.133661898930076,-0.521532243576235,0.0350843836078134
"neg_n5",123,1446,3.52558782849239,1.43426994567128,4,3.52072538860104,1.4826,1,7,6,0.0414969211249861,-0.585522549888585,0.0377178345928472
"neg_n6",124,1447,2.60953697304768,1.41626307564214,3,2.47799827437446,1.4826,1,6,5,0.442914529186128,-0.740540420407954,0.0372314257009941
"neg_n7",125,1447,2.32135452660677,1.19460814513395,2,2.20793787748059,1.4826,1,7,6,0.632206784467599,-0.0293671870648695,0.0314044510248851
"gps_g1",126,1447,2.30200414651002,1.33394458360407,2,2.12769628990509,1.4826,1,6,5,0.795992187996053,-0.265982787082534,0.0350673963812692
"gps_g2",127,1447,2.89357290946786,1.25117102217661,3,2.84900776531493,1.4826,1,7,6,0.146243756255155,-0.354061336083908,0.0328914039718817
"gps_g3",128,1447,2.37180373185902,1.4142061275267,2,2.23037100949094,1.4826,1,6,5,0.49207312908863,-1.10110448621273,0.0371773516294122
"gps_g4",129,1447,2.39322736696614,1.14122232770054,2,2.32355478861087,1.4826,1,6,5,0.337274879014701,-0.540672685858868,0.0300010181956012
"gps_g5",130,1447,1.74153420870767,0.999769611792819,1,1.59016393442623,0,1,7,6,1.18512641713917,0.821030004930671,0.0262824390890082
"gps_g6",131,1447,2.78023496890117,1.39206274006441,3,2.69801553062985,1.4826,1,7,6,0.223593535304003,-0.788683847911489,0.0365952352844693
"gps_g7",132,1447,2.05459571527298,1.14468128963323,2,1.92148403796376,1.4826,1,6,5,0.667387355641866,-0.685967657698048,0.0300919491013168
"gps_g8",133,1447,1.50034554250173,0.885471261492985,1,1.30974978429681,0,1,7,6,1.95794873620717,3.96281757870425,0.0232777074045328
"gps_g9",134,1447,2.69661368348307,1.25398766625336,3,2.6220880069025,1.4826,1,7,6,0.360612800691298,-0.249960571733146,0.0329654493074362
"gps_g10",135,1447,1.75259156876296,0.963880104520338,1,1.63071613459879,0,1,5,4,0.917611265852573,-0.292304526148674,0.0253389579332527
"gps_g11",136,1447,2.28334485141672,1.16952680756337,2,2.18636755823986,1.4826,1,6,5,0.470838478218252,-0.666638156917113,0.0307451003913052
"gps_g12",137,1447,2.87076710435384,1.37122005232233,3,2.78515962036238,1.4826,1,7,6,0.289546758019511,-0.510257032830167,0.0360473123784608
"gps_g13",138,1447,2.23911541119558,1.17937146789515,2,2.13805004314064,1.4826,1,7,6,0.459812358510094,-0.806929389811772,0.031003901701597
"gps_g14",139,1447,1.8403593642018,1.01718396464585,1,1.702329594478,0,1,6,5,0.890030007358483,-0.205518366044688,0.0267402362282046
"gps_g15",140,1447,2.34554250172771,1.20717906402707,2,2.24158757549612,1.4826,1,6,5,0.552290265896669,-0.346333895255341,0.0317349215715033
"gps_g16",141,1447,2.95231513476158,1.35520862523468,3,2.87661777394305,1.4826,1,7,6,0.366252254923358,-0.306528878177372,0.0356263960471427
"b1_ppos",142,1447,18.4671734623359,5.63395841053944,18,18.3468507333909,5.9304,7,38,31,0.243992210078273,-0.113526223026071,0.148108291158677
"b1_pneg",143,1447,20.1741534208708,6.40971520881,20,20.0025884383089,5.9304,7,41,34,0.270571635634418,-0.279287827468103,0.168501770374221
"b1_ppsy",144,1447,37.0179682100898,9.30553802399416,37,36.7549611734254,10.3782,16,70,54,0.307951110897772,-0.0822902831818122,0.244628595849699
"cut_pans",145,1447,2.81617138908086,0.909113832003706,3,2.81794650560828,1.4826,1,5,4,0.0662879122546592,-0.271377007060348,0.0238992350165207
"cut_pos",146,1447,2.20456116102281,0.802593434768418,2,2.19844693701467,1.4826,1,4,3,0.144365000464096,-0.569616807483981,0.021098974017336
"cut_neg",147,1447,2.4077401520387,0.890022032726941,2,2.38481449525453,1.4826,1,4,3,0.0145014110224471,-0.767224537898259,0.0233973403343135
"cut_gen",148,1447,2.25086385625432,0.901027698235372,2,2.19844693701467,1.4826,1,4,3,0.240590857936988,-0.738902828704467,0.0236866627241395
"b1_panss",149,1447,75.6579129232896,17.555122963182,75,75.4098360655738,17.7912,31,140,109,0.199860210237454,0.0179808648471771,0.461497773624563
"othmed0a",150,1449,0.906142167011732,0.291731512447135,1,1,0,0,1,1,-2.78243424754934,5.74590719984914,0.00766388802624864
"flag",151,1449,0.854382332643202,0.352844275853479,1,0.94229112833764,0,0,1,1,-2.0073317698507,2.03078376985368,0.00926934151940089
"priflag",152,1449,0.0434782608695652,0.204001526043097,0,0,0,0,1,1,4.4725810450328,18.0164163225645,0.0053591908521074
"conflag",153,1449,0.845410628019324,0.36163760121249,1,0.931093884582257,0,0,1,1,-1.90894004515441,1.64518892058879,0.00950034522676365
"postflag",154,1449,0.447895100069013,0.497449350579252,0,0.434969853574505,0,0,1,1,0.209343687582073,-1.95752474070668,0.0130681669922797
"postflg2",155,1449,0.572118702553485,0.494942373161565,1,0.590008613264427,0,0,1,1,-0.291221504159391,-1.91651125106654,0.0130023078259102
"any_psy",156,1449,0.806073153899241,0.395508760620652,1,0.881998277347115,0,0,1,1,-1.5466758451027,0.392478459939431,0.0103901523334622
"anyppsy",157,1449,0.0365769496204279,0.18778554991161,0,0,0,0,1,1,4.93225626707149,22.342572617354,0.0049331915342224
"anycpsy",158,1449,0.791580400276052,0.406318603118163,1,0.863910422049957,0,0,1,1,-1.43423987644332,0.0570848477245263,0.010674130645532
"anynpsy",159,1449,0.291235334713596,0.454488578428398,0,0.239448751076658,0,0,1,1,0.918045469985225,-1.1579902516404,0.0119395726058745
"anypsych",160,1449,0.157349896480331,0.364256056728772,0,0.0723514211886305,0,0,1,1,1.88007103076526,1.53572836317979,0.00956913296145218
"anyppsyc",161,1449,0.0110420979986197,0.104535695455307,0,0,0,0,1,1,9.34839443706273,85.4514526865877,0.00274618898039229
"anycpsyc",162,1449,0.148378191856453,0.355597202863433,0,0.0611541774332472,0,0,1,1,1.97627619205147,1.90698508554594,0.00934166186687293
"anynpsyc",163,1449,0.0193236714975845,0.137707495869161,0,0,0,0,1,1,6.9763028624599,46.701032893646,0.00361762368372046
"anypsyat",164,1449,0.613526570048309,0.487109298904729,1,0.641688199827735,0,0,1,1,-0.465801913795954,-1.78425852093,0.0127965302480883
"anyppsya",165,1449,0.0241545893719807,0.153581976805334,0,0,0,0,1,1,6.19235439979026,36.3703547549565,0.00403465180436853
"anycpsya",166,1449,0.589371980676328,0.492117653490869,1,0.611541774332472,0,0,1,1,-0.362963212789625,-1.86954650988317,0.0129281014603374
"anynpsya",167,1449,0.041407867494824,0.199300447751558,0,0,0,0,1,1,4.59884208962909,19.1625746830806,0.00523569189470383
"antipsy",168,1447,1.87975120939876,0.649010690065863,2,1.84987057808456,0,1,3,2,0.121945880909271,-0.662688069002805,0.0170615147015551
"antichol",169,1447,0.17069799585349,0.376374929884045,0,0.088869715271786,0,0,1,1,1.74865222065252,1.05851754686091,0.00989433070641985
"statin",170,1447,0.103662750518314,0.304927929972565,0,0.00517687661777394,0,0,1,1,2.5977505359243,4.75159303404873,0.00801609656015637
"oth_chol",171,1447,0.0297166551485833,0.169863226707316,0,0,0,0,1,1,5.53337350519285,28.6380150831883,0.00446544869611678
"inc_lit",172,1449,0.0338164251207729,0.180818800606245,0,0,0,0,1,1,5.1528031988084,24.5683376086354,0.00475017261338183
"incc_lit",173,1449,0.0338164251207729,0.180818800606245,0,0,0,0,1,1,5.1528031988084,24.5683376086354,0.00475017261338183
"incn_lit",174,1449,0.00759144237405107,0.0868275030496241,0,0,0,0,1,1,11.3343978318236,126.555915815107,0.0022809886233722
"n_med",175,1449,2.96135265700483,2.6683426153142,2,2.58311800172265,1.4826,0,16,16,1.49664601913722,2.82075722160568,0.0700982860846794
"n_pmed",176,1449,0.0510697032436163,0.263084185473756,0,0,0,0,4,4,6.7634677512935,61.8237401543161,0.00691131280962683
"n_cmed",177,1449,2.91028295376121,2.66322624312915,2,2.52713178294574,1.4826,0,16,16,1.52114049630228,2.92079866821995,0.0699638772126384
"n_nmed",178,1449,1.20013802622498,1.97042356911124,0,0.763135228251507,0,0,14,14,2.51025216198981,8.133853805178,0.051763710650512
"n_psy",179,1449,1.68530020703934,1.32613364784269,1,1.55986218776916,1.4826,0,8,8,0.78515817615735,0.553902395442821,0.0348379909309548
"n_psypri",180,1449,0.0393374741200828,0.208185007194109,0,0,0,0,2,2,5.62216638327998,34.0510079086741,0.00546909235308797
"n_psycon",181,1449,1.64596273291925,1.33000303295556,1,1.51507321274763,1.4826,0,8,8,0.810729238871213,0.589754966586419,0.0349396410200613
"n_psynew",182,1449,0.477570738440304,0.919224183829845,0,0.260981912144703,0,0,8,8,2.64354241196555,9.81785846674668,0.0241483381647648
"RISPERIDONE",183,1449,0.254658385093168,0.435819428797069,0,0.193798449612403,0,0,1,1,1.12510953308742,-0.734634103902117,0.011449127569205
"QUETIAPINE",184,1449,0.109730848861284,0.312661886279643,0,0.0129198966408269,0,0,1,1,2.49470646320868,4.22647859051347,0.00821373620704444
"OLANZAPINE",185,1449,0.287094547964113,0.45256227864738,0,0.234280792420327,0,0,1,1,0.940239738904738,-1.11671848705582,0.0118889680424427
"LORAZEPAM",186,1449,0.163561076604555,0.370004502776768,0,0.0801033591731266,0,0,1,1,1.81731159431656,1.30352246077382,0.00972014663312317
"HALOPERIDOL",187,1449,0.075224292615597,0.263843970854789,0,0,0,0,1,1,3.21767865358008,8.35922630847484,0.00693127263513683
"CLONAZEPAM",188,1449,0.122843340234645,0.328370627415206,0,0.0292850990525409,0,0,1,1,2.29555472231028,3.27183090397753,0.00862641028563955
"fluoxetine",189,1449,0.0745341614906832,0.262728867025256,0,0,0,0,1,1,3.23658542820651,8.48133989923836,0.00690197847073376
"sertraline",190,1449,0.0917874396135266,0.288825338801568,0,0,0,0,1,1,2.82475797923832,5.98338839234678,0.00758754183650165
"valproate",191,1449,0.126293995859213,0.332295089892119,0,0.0335917312661499,0,0,1,1,2.24768953472652,3.054217483581,0.00872950727620455
"citalopram",192,1449,0.0917874396135266,0.288825338801568,0,0,0,0,1,1,2.82475797923832,5.98338839234678,0.00758754183650165
"amfebutamone",193,1449,0.082815734989648,0.275698650194537,0,0,0,0,1,1,3.02429012887858,7.15126752444783,0.00724269917347962
"ziprasidone",194,1449,0.0559006211180124,0.229809027264041,0,0,0,0,1,1,3.86227553688016,12.9260944514016,0.00603716286114921
"ALBUMIN",195,1451,4.26147484493453,0.305779325243053,4.3,4.26322136089578,0.29652,2.4,5.2,2.8,-0.371813896208541,2.12939761906169,0.00802739089924454
"ALKALINE PHOSPHATASE",196,1451,95.1660923501034,33.3271037232732,90,91.6821705426357,25.2042,30,400,370,2.44073028544242,13.7492048712482,0.874910980046583
"ALT (SGPT)",197,1450,35.008275862069,35.8789843608264,25,28.2689655172414,13.3434,4,490,486,5.38626340036304,45.8853381808427,0.942228290209978
"AST (SGOT)",198,1450,28.7813793103448,26.7490922975886,23,24.2,7.413,8,549,541,8.98930796910626,130.315931581503,0.702465578366368
"BASOPHILS",199,1423,0.408362614195362,0.312481206063356,0.3,0.365144863915716,0.14826,0,3,3,2.05295763547796,7.27939929124456,0.00828364449307844
"BICARBONATE",200,1451,25.4906960716747,3.25328739807297,26,25.5142118863049,2.9652,13,35,22,-0.0699143999452373,0.0273917546689098,0.0854060673695311
"BUN",201,1451,12.7291523087526,4.16939231968002,12,12.4435831180017,2.9652,3,36,33,1.0120258292942,2.65651745292837,0.109455869639898
"CALCIUM",202,1451,9.33907649896623,0.409368194870411,9.3,9.34091300602928,0.444779999999998,7.5,11.6,4.1,0.0372735650351271,1.22209587285164,0.0107468303140863
"CHLORIDE",203,1451,104.317022742936,3.47663824328256,105,104.409991386736,2.9652,86,118,32,-0.450597573361845,1.50869930480017,0.0912695263877262
"CPK",204,1451,183.893866299104,203.14552225099,123,144.131782945736,77.0952,20,2820,2800,5.09830774126043,42.6411848266514,5.3330241187617
"CREATININE",205,1451,0.952377670572019,0.204971481677459,0.9,0.94229112833764,0.14826,0.3,2.4,2.1,0.790620764113824,2.63799107815641,0.00538095963588919
"EOSINOPHILS",206,1423,2.66718200983837,2.05886259613763,2.2,2.38709394205443,1.4826,0,22.4,22.4,2.23335556120718,10.0490712003724,0.0545789169894677
"GGT",207,1450,45.2758620689655,63.0788154620185,29,32.673275862069,17.7912,5,920,915,6.4871983732086,62.5401733521692,1.65653084946687
"GLUCOSE",208,1448,100.209254143646,42.894122362363,90,92.3293103448276,13.3434,36,526,490,4.88215366760788,32.1992552111534,1.12723250959542
"HDL CHOLESTEROL",209,1451,43.4927636113025,13.5238403548471,41,42.1627906976744,11.8608,8,116,108,1.14973307580664,2.19093825503678,0.355031043714433
"HEMATOCRIT",210,1414,42.7630834512023,4.14693271278697,43.1,42.8658127208481,4.15128,27.7,55.5,27.8,-0.263848374232772,0.248322269248498,0.110281403345676
"HEMOGLOBIN",211,1431,14.3829489867226,1.47568733665965,14.5,14.43903930131,1.4826,7.7,18.8,11.1,-0.44650720607563,0.709952214609374,0.0390098727454039
"LYMPHOCYTES",212,1423,30.1972593113141,9.14567597872436,29.4,29.7705882352941,9.04386,4,73,69,0.568644470884047,0.764519642267872,0.242445071852672
"MCH",213,1423,30.5903021784961,2.14950132738827,31,30.7445127304653,1.4826,20,38,18,-0.90428771141449,2.11731474446611,0.0569816823795619
"MCHC",214,1421,33.6931738212526,0.855892494428135,34,33.7282321899736,1.4826,30,35,5,-0.43263001059919,0.15356649347357,0.0227050351708619
"MCV",215,1413,90.689313517339,5.5840607231777,91,90.9575596816976,4.4478,65,111,46,-0.678411648660493,1.77236747879812,0.148552187507964
"MONOCYTES",216,1423,6.52972593113141,2.39552920918587,6.3,6.38920105355575,2.07564,0,23,23,0.851524041538057,2.54106200794367,0.0635036986437442
"NEUTROPHILS",217,1423,60.0836261419536,10.264770102959,61,60.5158033362599,10.22994,14,86,72,-0.527413981531597,0.665212405100936,0.272111425219131
"PHOSPHORUS",218,1451,3.6946933149552,0.596812879197466,3.7,3.68105081826012,0.593039999999999,1.9,6.4,4.5,0.29749400580209,0.490364940070271,0.0156676723359684
"PLATELET COUNT",219,1384,256.160404624277,66.1953898590566,252,253.230144404332,59.304,36,614,578,0.690401976250543,2.19273218376466,1.77934310283198
"POTASSIUM",220,1450,4.36655172413793,0.366137165784721,4.3,4.355,0.29652,3.1,7.7,4.6,0.847248480116314,5.49998590264313,0.0096152330353121
"PROLACTIN",221,1428,20.8766946778711,27.3533031766432,12.55,15.7366433566434,10.785915,1.2,410,408.8,5.87974782198673,60.4752071934378,0.723845160927493
"RBC",222,1424,4.72879213483146,0.468231464638805,4.7,4.72833333333333,0.44478,2.8,7.8,5,0.160378548065796,1.3230091340962,0.0124081089967352
"SODIUM",223,1451,142.027567195038,3.13235587358103,142,142.128337639966,2.9652,127,155,28,-0.506085913155909,1.60253239982542,0.0822313444926107
"TOTAL BILIRUBIN",224,1451,0.446795313576844,0.315017895723875,0.4,0.402239448751077,0.14826,0.1,6.3,6.2,6.85034793927069,98.7279797402024,0.00826992402845736
"TOTAL CHOLESTEROL",225,1451,201.033080634045,50.1267525250743,197,197.527131782946,44.478,91,780,689,1.86601283664286,14.0584251083048,1.31593931901257
"TOTAL PROTEIN",226,1451,7.50303239145417,0.531884520444054,7.5,7.49758828596038,0.44478,5.2,9.5,4.3,0.123097437758855,0.647451924151569,0.0139631577624415
"TRIGLYCERIDES",227,1451,202.642315644383,157.508627813646,160,176.428079242033,102.2994,25,1900,1875,3.02126542759731,17.440112960681,4.13495361224551
"TSH",228,1450,2.16106896551724,5.17887367435459,1.53,1.62862931034483,0.859908,0.03,106.43,106.4,16.1340598177225,291.313283737644,0.136003885682125
"URIC ACID",229,1451,5.97546519641626,1.63274394829209,5.9,5.89767441860465,1.4826,1.5,18.6,17.1,0.816930236252537,3.00003421243999,0.0428631788656688
"WBC",230,1430,7.30083916083916,2.41818961266565,7,7.1006993006993,2.37216,1.9,21,19.1,0.953999654024861,1.52277705704549,0.0639473177116939
"aims_facial1_date1",231,1452,0.236225895316804,0.621227147494794,0,0.0679862306368331,0,0,3,3,2.87557100178817,7.96442895148621,0.0163029845833647
"aims_facial2_date1",232,1451,0.267401791867677,0.670690896868009,0,0.0818260120585702,0,0,4,4,2.670466613923,6.6810422326138,0.0176071354642599
"aims_facial3_date1",233,1452,0.274104683195592,0.694026067236845,0,0.0774526678141136,0,0,4,4,2.68931576648128,6.87158359472161,0.0182134607610823
"aims_facial4_date1",234,1452,0.296831955922865,0.702984396714671,0,0.104991394148021,0,0,4,4,2.49880677923021,5.6011517809133,0.0184485559399692
"aims_extrem5_date1",235,1452,0.267906336088154,0.670735339842924,0,0.0774526678141136,0,0,4,4,2.57088110967342,5.87875923670669,0.0176022376824231
"aims_extrem6_date1",236,1452,0.192837465564738,0.569138242283617,0,0.0283993115318417,0,0,4,4,3.19663758657581,10.1349915145566,0.0149360053358435
"aims_global8_date1",237,1452,0.495867768595041,0.866313914122703,0,0.317555938037866,0,0,4,4,1.5920856783396,1.41466076650432,0.0227348441600664
"aims_global9_date1",238,1451,0.135079255685734,0.459027807651087,0,0,0,0,3,3,3.82364283440413,15.3812448614372,0.0120505061704535
"aims_global10_date1",239,1451,0.29841488628532,0.698661949847315,0,0.118001722652885,0,0,4,4,2.68124422106499,7.4231094197814,0.0183414381380914
"aims_dental11_date1",240,1450,0.201379310344828,0.401169134555343,0,0.126724137931034,0,0,1,1,1.48772534398852,0.213475350069867,0.0105352176063768
"aims_dental12_date1",241,1451,0.102687801516196,0.303655337256235,0,0.00344530577088717,0,0,1,1,2.61505944535469,4.84187424961285,0.00797163146612416
"aims07",242,1452,0.0950413223140496,0.420760606875431,0,0,0,0,4,4,5.02499208047908,27.0886712535388,0.0110421022565418
"bar01",243,1452,0.24931129476584,0.565337680354779,0,0.112736660929432,0,0,3,3,2.39615830916508,5.49872800572216,0.0148362664516305
"bar02",244,1452,0.488292011019284,0.727902571177651,0,0.345955249569707,0,0,3,3,1.31028296109718,0.796344892576744,0.0191024884278744
"bar03",245,1449,0.311939268461008,0.624656508182866,0,0.169681309216193,0,0,3,3,2.08755871465881,3.99169604354816,0.0164099431474632
"brsgca",246,1452,0.541322314049587,0.88424476731062,0,0.366609294320138,0,0,5,5,1.59904167164981,1.917075175402,0.023205407019832
"sa01",247,1449,0.314009661835749,0.59121422243774,0,0.192937123169681,0,0,4,4,1.96152911928096,4.01431156474262,0.0155314027006581
"sa02",248,1452,0.253443526170799,0.557347255343287,0,0.131669535283993,0,0,4,4,2.58427847829548,7.91776480953433,0.0146265721774793
"sa03",249,1451,0.17091660923501,0.44536903017743,0,0.05770887166236,0,0,3,3,2.88091620589112,9.22464532460957,0.0116919327256999
"sa04",250,1452,0.189393939393939,0.473208229035219,0,0.0740103270223752,0,0,3,3,2.78516967851712,8.59996387466573,0.0124184953825559
"sa05",251,1452,0.123278236914601,0.388438351066303,0,0.00516351118760757,0,0,3,3,3.51713550235854,13.7322501714595,0.0101938630250775
"sa06",252,1452,0.245179063360882,0.528130947154393,0,0.134251290877797,0,0,4,4,2.47283554975403,7.32261301334149,0.0138598429321346
"criteria",253,1452,0.146005509641873,0.353233397611399,0,0.0576592082616179,0,0,1,1,2.00292891267843,2.01311209269641,0.0092699725998958
"facial",254,1451,1.07512060647829,2.14746231212465,0,0.529715762273902,0,0,13,13,2.51569173538623,6.64563538610596,0.0563756866397616
"extremty",255,1452,0.460743801652893,1.05622841646227,0,0.186746987951807,0,0,7,7,2.67187662554862,7.43989099262777,0.0277188072986465
"sevscore",256,1452,1.6301652892562,3.07323865613808,0,0.878657487091222,0,0,23,23,2.6705681672887,8.63479086036422,0.0806515984275129
"brsobj",257,1449,1.04899930986888,1.63430105885249,0,0.701119724375538,0,0,9,9,1.67434203729665,2.38757224161688,0.042933655713641
"epsmean",258,1452,0.216115704028926,0.323451742831395,0,0.148995986359725,0,0,2.6666667,2.6666667,2.32250703982279,7.84865909743553,0.0084884068542527
"b1_score",259,1452,1.6301652892562,3.07323865613808,0,0.878657487091222,0,0,23,23,2.6705681672887,8.63479086036422,0.0806515984275129
"b1_index",260,1452,0.495867768595041,0.866313914122703,0,0.317555938037866,0,0,4,4,1.5920856783396,1.41466076650432,0.0227348441600664
"b1_obj",261,1449,1.04899930986888,1.63430105885249,0,0.701119724375538,0,0,9,9,1.67434203729665,2.38757224161688,0.042933655713641
"b1_gca",262,1452,0.541322314049587,0.88424476731062,0,0.366609294320138,0,0,5,5,1.59904167164981,1.917075175402,0.023205407019832
"b1_eps",263,1452,0.216115704028926,0.323451742831395,0,0.148995986359725,0,0,2.6666667,2.6666667,2.32250703982279,7.84865909743553,0.0084884068542527
"si2_tep1",264,1452,0.120523415977961,0.32568477633772,0,0.0258175559380379,0,0,1,1,2.32872559028766,3.42532333558857,0.00854700878588844
"si1_tep1",265,1452,0.178374655647383,0.382959713416643,0,0.0981067125645439,0,0,1,1,1.67852558916478,0.818012945896464,0.0100500860740855
"gca_tep1",266,1452,0.0557851239669422,0.229585376672212,0,0,0,0,1,1,3.8670489327953,12.962996554829,0.0060250535919865
"eps_tep1",267,1452,0.0544077134986226,0.226898591449872,0,0,0,0,1,1,3.92497284285468,13.4146519807984,0.00595454376601501
"cs01",268,1444,3.53116343490305,1.56397366163761,4,3.49567474048443,1.4826,1,7,6,0.0970711225746742,-0.56837578441563,0.0411572016220424
"cs02a",269,1419,3.7723749119098,1.59501097540712,4,3.83553210202287,1.4826,1,6,5,-0.144286921767717,-1.11073147026268,0.0423421082475244
"cs02aa",270,1362,29.7650513950073,32.8032768435197,10,24.9724770642202,13.3434,1,100,99,0.971079158069113,-0.542161220558969,0.888850406581955
"cs02b",271,1419,3.39816772374912,1.67619086691897,3,3.37291116974494,1.4826,1,6,5,0.0889584177143407,-1.24087854316619,0.0444971578408601
"cs02ba",272,1359,26.3245033112583,31.9533428966023,10,20.8898071625344,13.3434,1,100,99,1.14770962618118,-0.134323798151802,0.866775388947079
"cs02c",273,1421,3.53483462350457,1.90579651126495,4,3.54353562005277,2.9652,1,6,5,-0.0248742950642283,-1.48672240975713,0.0505567896651416
"cs02ca",274,1360,28.6727941176471,34.6430700956619,10,23.2867647058824,13.3434,1,100,99,1.02528764398033,-0.49761937635623,0.939392132011967
"cs02d",275,1420,3.8056338028169,1.58311094382208,4,3.86795774647887,1.4826,1,6,5,-0.193442264938252,-1.12200415956621,0.0420114023795187
"cs02da",276,1361,31.3350477590007,32.8377385369636,14,26.9779614325069,17.7912,1,100,99,0.856986666868694,-0.721687810257276,0.890111020254019
"cs02e",277,1420,3.0943661971831,1.71124765004566,3,2.99295774647887,1.4826,1,6,5,0.298549133535925,-1.20448431637207,0.0454117974975945
"cs02ea",278,1362,23.0602055800294,30.3912651216782,7,17.2091743119266,8.8956,1,100,99,1.33707936502817,0.408178120156992,0.823493594521187
"cs02f",279,1420,3.40774647887324,1.65590212010944,3,3.38468309859155,1.4826,1,6,5,0.0290370298206272,-1.19518280329819,0.0439430796309587
"cs02fa",280,1364,26.8482404692082,31.8450898483901,10,21.5247252747253,13.3434,1,100,99,1.1048708387064,-0.19335632536732,0.862254150201445
"cs03",281,1427,60.0280308339173,26.9402340806242,60,61.7436570428696,29.652,1,100,99,-0.456317223584111,-0.489812276329542,0.713163944486865
"cs04",282,1443,2.68814968814969,1.07862454139287,3,2.73506493506494,1.4826,1,4,3,-0.32840994528602,-1.15707618400042,0.0283946900116173
"cs05",283,1443,3.13652113652114,0.950985085334135,3,3.28917748917749,1.4826,1,4,3,-0.936940831467046,-0.0652448140094366,0.0250345932875441
"cs06",284,1448,0.662292817679558,0.47309154518037,1,0.702586206896552,0,0,1,1,-0.685620948658181,-1.53097979075863,0.0124325697874627
"cs07",285,1448,0.345994475138122,0.475855732985249,0,0.307758620689655,0,0,1,1,0.646831200245209,-1.58270099344955,0.012505211030241
"cs08",286,1448,0.170580110497238,0.376271594541954,0,0.0887931034482759,0,0,1,1,1.7497594522372,1.06239326818958,0.00988819797318338
"cs09",287,1448,0.0849447513812155,0.278895783470089,0,0,0,0,1,1,2.97436270346625,6.85156666719471,0.00732921847102343
"cs10",288,1448,0.0138121546961326,0.116750985475885,0,0,0,0,1,1,8.32287758834691,67.3167822716141,0.00306814778127264
"cs11",289,1448,0.00207182320441989,0.0454858174877304,0,0,0,0,1,1,21.8786571827374,477.005064937622,0.00119534074539505
"cs12",290,1448,0.0200276243093923,0.140143077483587,0,0,0,0,1,1,6.84501741602809,44.8852629659987,0.00368287831138519
"cs13",291,1448,0.00897790055248619,0.0943580767251757,0,0,0,0,1,1,10.4004450454585,106.242630556519,0.00247967520419172
"cscigs",292,1410,12.4539007092199,14.3999325649518,10,10.0390070921986,14.826,0,99,99,1.66465753898897,4.04615423705304,0.383487225854695
"cs14",293,1448,1.36325966850829,0.723256387874789,1,1.17844827586207,0,1,5,4,2.04390039667707,3.52290651669621,0.0190067558976419
"cs15",294,1448,1.45372928176796,0.712655788993299,1,1.31465517241379,0,1,5,4,1.71993748370267,3.00777019723754,0.0187281783438352
"cs16",295,1446,3.95781466113416,0.939861837129356,4,3.96718480138169,1.4826,1,7,6,-0.0611014365088887,0.418408920337553,0.0247160957530788
"b1_cgis",296,1446,3.95781466113416,0.939861837129356,4,3.96718480138169,1.4826,1,7,6,-0.0611014365088887,0.418408920337553,0.0247160957530788
"b1_resp",297,1446,0.275242047026279,0.446790682189134,0,0.219343696027634,0,0,1,1,1.00540377254171,-0.98984636076347,0.0117495155631584
"c1_cgis",298,1446,0,0,0,0,0,0,0,0,NA,NA,0
"cgisresp",299,1446,0.275242047026279,0.446790682189134,0,0.219343696027634,0,0,1,1,1.00540377254171,-0.98984636076347,0.0117495155631584
"drug01",300,1435,1.12822299651568,0.334454497305482,1,1.03568320278503,0,1,2,1,2.22163510089552,2.93771116353121,0.00882899131515655
"drug02",301,1437,1.7286012526096,0.444836116201216,2,1.78540399652476,0,1,2,1,-1.02708463633363,-0.945753841974128,0.0117346909486823
"drug03",302,1437,1.14265831593598,0.349845812867222,1,1.05386620330148,0,1,2,1,2.04143081847081,2.16895059926606,0.00922886506775993
"drug04",303,1435,1.18466898954704,0.388164077812552,1,1.10617928633594,0,1,2,1,1.62359829567075,0.636516447694111,0.0102468266968243
"drug05",304,1437,1.46276965901183,0.498785556294406,1,1.45351867940921,0,1,2,1,0.149180072034628,-1.97912111258943,0.013157866772971
"drug06",305,1435,1.67038327526132,0.470237846876462,2,1.71279373368146,0,1,2,1,-0.724163494718985,-1.4766147762401,0.0124134251432658
"drug07",306,1431,1.19986023759609,0.400034939075055,1,1.12489082969432,0,1,2,1,1.49951912612374,0.248732891818841,0.0105749447592044
"drug08",307,1435,1.60557491289199,0.488897231100779,2,1.63185378590078,0,1,2,1,-0.431589032674924,-1.81499425471305,0.0129059989988722
"drug09",308,1432,1.16969273743017,0.375493772104434,1,1.08726003490401,0,1,2,1,1.7580936121722,1.09165694205626,0.009922731256717
"drug10",309,1435,1.12822299651568,0.334454497305482,1,1.03568320278503,0,1,2,1,2.22163510089552,2.93771116353121,0.00882899131515655
"dai_ts",310,1435,5.02996515679443,3.87727631419754,6,5.42732811140122,2.9652,-10,10,20,-0.913005627811317,0.470679163171164,0.10235305304699
"calg1",311,1449,1.85093167701863,0.859542327401007,2,1.75710594315245,1.4826,1,4,3,0.720754870800222,-0.28659517554941,0.022580475094257
"calg2",312,1449,1.58247066942719,0.791178379756135,1,1.44186046511628,0,1,4,3,1.24552727815272,0.831986212359053,0.0207845304759067
"calg3",313,1449,1.60110420979986,0.869780499261307,1,1.442721791559,0,1,4,3,1.29935366595119,0.675676950426483,0.0228494354203892
"calg4",314,1449,1.42857142857143,0.737163230936669,1,1.26184323858742,0,1,4,3,1.66298111320756,1.95050538970331,0.0193655337799342
"calg5",315,1449,1.51966873706004,0.759693090561273,1,1.37037037037037,0,1,4,3,1.38327544810962,1.2360624567117,0.0199574010073094
"calg6",316,1449,1.432022084196,0.705911392838772,1,1.27734711455642,0,1,4,3,1.58911388744905,1.88531480845967,0.0185445371526325
"calg7",317,1448,1.43991712707182,0.839081996669947,1,1.23189655172414,0,1,4,3,1.91156101983511,2.62352273430957,0.0220505853196455
"calg8",318,1449,1.20496894409938,0.481798701405212,1,1.09388458225668,0,1,4,3,2.55366747269206,7.07217492245392,0.0126570190096644
"calg9",319,1449,1.49344375431332,0.655505643713761,1,1.38501291989664,0,1,4,3,1.06795355908784,0.348518507607103,0.0172203606386425
"calg_ts",320,1449,4.5527950310559,4.3835619598549,4,3.94918173987941,4.4478,0,22,22,1.06586941325882,0.711445029366492,0.11515769323185
"b1_calg",321,1449,4.5527950310559,4.3835619598549,4,3.94918173987941,4.4478,0,22,22,1.06586941325882,0.711445029366492,0.11515769323185
"interview_age",322,1458,40.5390946502058,11.1015241184347,42,40.7020547945205,11.8608,18,67,49,-0.153341619993342,-0.732686253180588,0.290739369838934
"race",323,1458,5.4039780521262,1.98364225624314,7,5.54623287671233,0,1,7,6,-0.488676908922939,-1.6612616270054,0.051949884845841
"exacer",324,1458,0.275720164609054,0.447029771830299,0,0.220034246575342,0,0,1,1,1.0027341464337,-0.995205403222295,0.011707325298277
"td",325,1458,0.15843621399177,0.365274818333606,0,0.0736301369863014,0,0,1,1,1.86889158607047,1.49378171306099,0.00956623337186581
"marital2",326,1458,0.113854595336077,0.317743564318613,0,0.0179794520547945,0,0,1,1,2.4288804057125,3.90213779956296,0.00832143070400278
"sigother",327,1458,0.179698216735254,0.384067623034529,0,0.100171232876712,0,0,1,1,1.66680073166993,0.778760219124145,0.0100584007659968
"psysoc_89",328,1458,1.78875171467764,0.408334185711661,2,1.86044520547945,0,1,2,1,-1.41332113906261,-0.00252367786170904,0.0106939211743334
"curreduccompleted",329,1458,2.8957475994513,1.64405579211135,2.5,2.72859589041096,2.2239,1,9,8,0.707724400897118,0.230354280445953,0.0430564073796651
"educ_yrs",330,1450,11.4948275862069,3.55550596133102,12,12.0461206896552,1.4826,1,21,20,-1.64380216819808,3.09005935225238,0.093372160958771
"par_educ",331,1457,3.50720658888126,3.35411981489985,2,3.2604970008569,2.9652,0,9,9,0.67983455183429,-1.10634415084708,0.087871653037164
"cgi_sev",332,1444,3.95706371191136,0.940111739771431,4,3.96626297577855,1.4826,1,7,6,-0.0596861161703271,0.418264772969431,0.024739782625564
"cgi_cat",333,1448,0.00552486187845304,0.0741494088588743,0,0,0,0,1,1,13.3280536519706,175.758395687814,0.00194860320318257
"employ",334,1458,2.73319615912209,0.657157052637721,3,2.91695205479452,0,0,3,3,-2.51266467413037,5.50009610062073,0.0172103780823962
"employ2",335,1439,0.0674079221681723,0.25081429491807,0,0,0,0,1,1,3.44710382671002,9.88939865101338,0.00661183318804222
"qol01a",336,1446,0.257261410788382,0.437275898263195,0,0.196891191709845,0,0,1,1,1.10946302398353,-0.76962260643262,0.0114992997321788
"qol01b",337,1446,0.163208852005533,0.369683967647271,0,0.079447322970639,0,0,1,1,1.8207889179643,1.31618394225519,0.0097217952488164
"qol01c",338,1446,0.109958506224066,0.312946259921531,0,0.0129533678756477,0,0,1,1,2.49098203400507,4.20790295789126,0.00822973060531222
"qol01d",339,1446,0.0656984785615491,0.247840003831935,0,0,0,0,1,1,3.50226894685749,10.2729936321684,0.00651759335698023
"qol01e",340,1446,0.0622406639004149,0.241675724642826,0,0,0,0,1,1,3.62019477641805,11.1134973364569,0.00635548770626875
"qol01f",341,1446,0.22268326417704,0.416191322898557,0,0.153713298791019,0,0,1,1,1.33171903689845,-0.226679735617787,0.0109448263372199
"qol01g",342,1446,0.243430152143845,0.429301022340106,0,0.179620034542314,0,0,1,1,1.19446449142964,-0.573649859245335,0.0112895797614903
"yrs_trt",343,1420,16.2443661971831,11.062262286026,15,15.6417253521127,13.3434,0,56,56,0.383608524776458,-0.660789182286188,0.29356196035383
"yrs_pres",344,1425,14.1136842105263,10.7731193501339,13,13.284837861525,13.3434,0,56,56,0.553442001014833,-0.50623527547853,0.285386903315518
"anti_beh",345,1457,1.25875085792725,1.53204124019209,1,0.997429305912596,1.4826,0,6,6,1.17210070081064,0.533138842539438,0.0401366092227108
"beh_cat",346,1457,1.79478380233356,0.867467719930875,2,1.68551842330763,1.4826,1,4,3,0.837066184398634,-0.155184085920337,0.0227260285002614
"sitetype",347,1458,8.78395061728395,3.76478503301963,9,8.93921232876712,4.4478,1,14,13,-0.158887771126792,-0.916807478111645,0.0985964824651037
"scrn_dy",348,1458,-11.3271604938272,9.72472682928509,-9,-10.021404109589,5.9304,-93,6,99,-2.47313692968266,10.719038590485,0.254682232821268
"olz_0",349,1458,0.264746227709191,0.441349366081409,0,0.206335616438356,0,0,1,1,1.06533479644405,-0.865654087634276,0.0115585603566129
"quet_0",350,1458,0.098079561042524,0.297524241897631,0,0,0,0,1,1,2.69991292675692,5.29316164937512,0.00779190403752597
"risp_0",351,1458,0.225651577503429,0.418154121821129,0,0.157534246575342,0,0,1,1,1.31128806603767,-0.280714731041594,0.0109510968563269
"zip_0",352,1458,0.0480109739368999,0.213862783583471,0,0,0,0,1,1,4.22400767729737,15.8531154618483,0.00560088238945569
"hal_0",353,1458,0.0576131687242798,0.233090445280284,0,0,0,0,1,1,3.7932349429501,12.3971355798268,0.00610443831435115
"deca_0",354,1458,0.0150891632373114,0.121949499569634,0,0,0,0,1,1,7.94719539096093,61.1998912270832,0.00319375252251831
"per_0",355,1458,0.0205761316872428,0.142009105939686,0,0,0,0,1,1,6.74738485518372,43.5570783342211,0.00371909636297004
"othr_0",356,1458,0.0823045267489712,0.274922409706887,0,0,0,0,1,1,3.03655848543326,7.22564470695856,0.00719998148903282
"allothr0",357,1458,0.213991769547325,0.410261787542951,0,0.142979452054795,0,0,1,1,1.39331555784068,-0.0587106132547688,0.010744403408642
"none_0",358,1458,0.283264746227709,0.450738477262981,0,0.229452054794521,0,0,1,1,0.961030008576326,-1.07715870365893,0.0118044531042353
"olzi_0",359,1458,0.220164609053498,0.414499690561424,0,0.150684931506849,0,0,1,1,1.34930600103741,-0.179495015065329,0.0108553904442855
"queti_0",360,1458,0.0651577503429355,0.246888688510347,0,0,0,0,1,1,3.52016130480423,10.3986691689821,0.00646580243866368
"rispi_0",361,1458,0.188614540466392,0.391336342190588,0,0.111301369863014,0,0,1,1,1.59030407203036,0.529431574244044,0.010248762269915
"dualmed0",362,1458,0.0857338820301783,0.280066744601828,0,0,0,0,1,1,2.95630947129039,6.74439288484757,0.00733470719602938
"allothi0",363,1458,0.157064471879287,0.363986389757056,0,0.0719178082191781,0,0,1,1,1.88303919163876,1.5468989814205,0.00953249053543793
"switch",364,1458,1.28875171467764,0.878881928444313,2,1.36044520547945,0,0,2,2,-0.595083844172621,-1.44334578318007,0.0230171619061216
"me0a",365,1458,0.868998628257888,0.337517622506704,1,0.960616438356164,0,0,1,1,-2.18504468027679,2.77632586729565,0.00883929628312785
"medad06_1",366,1271,2.22738001573564,0.839613322817285,2,2.15929203539823,0,1,4,3,0.677064778226787,0.0217275907731591,0.0235508478109369
"medad14_1",367,1269,1.31087470449173,0.762441459240085,1,1.09488692232055,0,1,4,3,2.54300291582972,5.4586320619558,0.0214030513199932
"capsules_1",368,1271,2.22738001573564,0.839613322817285,2,2.15929203539823,0,1,4,3,0.677064778226787,0.0217275907731591,0.0235508478109369
"dose1_1",369,1271,122.837922895358,195.439214853248,16,83.2050147492625,19.2738,1.5,800,798.5,1.75938840819105,2.19308008014688,5.48199877278446
"presreg1_1",370,1288,1.60248447204969,0.489574327647721,2,1.62790697674419,0,1,2,1,-0.41834261960687,-1.82640566152712,0.0136414553117151
"avgcaps1_1",371,1276,2.70689655172414,0.908512816379249,3,2.73091976516634,1.4826,1,4,3,-0.0109753711460483,-0.945713237702723,0.0254334760999076
"avgdose1_1",372,1276,146.434952978056,230.197091344799,24,95.3052837573386,28.1694,2,800,798,1.60835176401307,1.17979947152551,6.44428137438868
"moddose1_1",373,1276,148.068181818182,236.785851902767,24,93.2260273972603,28.1694,2,800,798,1.71068984828729,1.62554664356714,6.62873125903306
"catcaps1_1",374,1276,2.70689655172414,0.908512816379249,3,2.73091976516634,1.4826,1,4,3,-0.0109753711460483,-0.945713237702723,0.0254334760999076
"ecgint",375,1431,1.77917540181691,0.661751980124504,2,1.72052401746725,0,1,7,6,0.56490931914169,1.79661432488817,0.0174934485729953
"ecghr",376,1431,70.6988120195667,13.9014309265089,69,70.0034934497817,13.3434,41,117,76,0.451416885738204,-0.117924038669295,0.367485061333972
"ecgpr",377,1426,165.40252454418,20.4001539538677,160,164.726795096322,14.826,100,260,160,0.400429126087068,0.476037503006344,0.540223761066365
"ecgqrs",378,1431,93.9357092941999,9.23000902556084,90,94.0192139737991,14.826,59,160,101,0.818191173343427,5.69009251239323,0.243995776463793
"ecgqt",379,1425,375.631578947368,33.6845868270672,370,374.81069237511,29.652,250,500,250,0.254728846882486,0.45586546153557,0.892326503736349
"ecgqtc",380,1425,403.056842105263,26.5840884945885,405,403.943908851884,26.6868,261,473,212,-0.378011163686337,0.372113748958478,0.704229707883261
"ecgaxis",381,1430,347.901398601399,1658.99159408216,75,68.4702797202797,22.239,-80,9999,10079,5.63965474291844,29.839018343349,43.8708619010471
"crfint",382,1436,0.73050139275766,0.648076241373039,1,0.663478260869565,0,0,2,2,0.32847543827315,-0.729355397093022,0.017102077905488
"base11a_ecg",383,1435,1.76864111498258,0.643164276087391,2,1.71105308964317,0,1,3,2,0.25535248484299,-0.696600386779953,0.0169783688171128
"b1_qt",384,1430,402.872027972028,26.4735840336691,405,403.823426573427,26.6868,261,473,212,-0.399309508245211,0.370712465704881,0.700075246499016
"Sinus Bradycardia",385,1445,0.21522491349481,0.411120565097975,0,0.144338807260156,0,0,1,1,1.38440172776538,-0.0834881970262384,0.010815218005967
"0 Sinus Rhythm",386,1445,0.649826989619377,0.477189121398744,1,0.687121866897148,0,0,1,1,-0.627521862537433,-1.60732721277605,0.0125532625125999
"Sinus Arrhythmia",387,1445,0.119723183391003,0.324749945646824,0,0.0250648228176318,0,0,1,1,2.34034619162116,3.47962978136025,0.00854309357830189
"Late R-Wave Transition",388,1445,0.0961937716262976,0.294958875184021,0,0,0,0,1,1,2.73615620106275,5.49035174442735,0.0077593893585688
"none",389,1445,0,0,0,0,0,0,0,0,NA,NA,0
"R.A.D.",390,1445,0.0636678200692042,0.244244780596795,0,0,0,0,1,1,3.57043633750761,10.75546030175,0.00642526979487006
"Early Repolarisation - 0 Variant",391,1445,0.245674740484429,0.430635576092061,0,0.182368193604149,0,0,1,1,1.18034491335865,-0.607204659912699,0.0113285931961368
"0",392,1445,0.95916955017301,0.197965768782287,1,1,0,0,1,1,-4.63566796018203,19.5029157009659,0.00520782254370824
"Non Specific T Wave Changes",393,1445,0.110034602076125,0.313041219164585,0,0.0129645635263613,0,0,1,1,2.48973938138983,4.20171138241856,0.00823507583307556
"Early R-Wave Transition",394,1445,0.085121107266436,0.279158440260824,0,0,0,0,1,1,2.97029729013835,6.82739226717541,0.00734373234018844
"Prolonged QT Interval",395,1445,0.0775086505190311,0.267489393402825,0,0,0,0,1,1,3.15675296544132,7.97060671205975,0.00703675843422237
"Poor R-Wave Progression",396,1445,0.0705882352941176,0.256224451466065,0,0,0,0,1,1,3.34952102720214,9.22567709972838,0.00674041518794961
"itaq01",397,1444,1.55540166204986,0.65999846019057,2,1.68685121107266,0,0,2,2,-1.18686490450447,0.167420724458908,0.0173683805313308
"itaq02",398,1442,1.65603328710125,0.582769304901822,2,1.76603119584055,0,0,2,2,-1.48672471858695,1.16423897037546,0.0153466659070651
"itaq03",399,1443,1.63963963963964,0.619052905438101,2,1.76969696969697,0,0,2,2,-1.50453782853391,1.07069979692307,0.0162965097456498
"itaq04",400,1444,1.69875346260388,0.568250867116188,2,1.81833910034602,0,0,2,2,-1.73766554739138,1.97187355486007,0.0149539701872681
"itaq05",401,1444,1.58102493074792,0.602328631554078,2,1.67560553633218,0,0,2,2,-1.13063866115999,0.236773792687734,0.0158507534619494
"itaq06",402,1443,1.59251559251559,0.592603021819501,2,1.68398268398268,0,0,2,2,-1.14990025713892,0.297738012264158,0.0156002190370927
"itaq07",403,1444,1.68559556786704,0.537737610657094,2,1.77768166089965,0,0,2,2,-1.48556260660359,1.26477447353718,0.0141509897541341
"itaq08",404,1443,1.67706167706168,0.548298807389712,2,1.77229437229437,0,0,2,2,-1.47739060204682,1.22572698037788,0.0144339147424421
"itaq09",405,1443,1.61122661122661,0.577489262287148,2,1.6987012987013,0,0,2,2,-1.1850283852925,0.40081955093766,0.0152023507331905
"itaq10",406,1443,1.75814275814276,0.436376314104771,2,1.82683982683983,0,0,2,2,-1.32892377286101,0.12526465561194,0.0114875655910967
"itaq11",407,1444,1.69529085872576,0.499430013188032,2,1.76730103806228,0,0,2,2,-1.29043026848212,0.585474173625728,0.0131428950838956
"itaq_ts",408,1442,18.1532593619972,5.0367924374147,21,19.0147313691508,1.4826,0,22,22,-1.24075912378539,0.598729957976265,0.132639056535858
"mac1a",409,1398,0.318311874105866,5.22461488794046,0,0,0,0,98,98,18.5572353233371,343.089094328625,0.139733551698094
"mac2a",410,1412,0.16643059490085,3.67089504803931,0,0,0,0,98,98,26.4061868981576,697.207621028329,0.0976910145083232
"mac3a",411,1378,0.350507982583454,5.2497331705483,0,0,0,0,98,98,18.3971979676594,337.48113325812,0.141420582322612
"mac4a",412,1404,0.198717948717949,3.66520866961334,0,0,0,0,97,97,26.2432788097088,690.094728585358,0.0978171829292638
"mac5a",413,1425,0.159298245614035,3.63492338936061,0,0,0,0,97,97,26.5403394947128,704.075579046168,0.0962914728932132
"mac6a",414,1429,0.218334499650105,4.45754008515018,0,0,0,0,98,98,21.7116141085847,470.058428869246,0.11791773890963
"mac7a",415,1425,0.296842105263158,5.16126425680404,0,0,0,0,98,98,18.7520822880888,350.192283718763,0.136725230230004
"mac8a",416,1436,0.15041782729805,3.62025946182636,0,0,0,0,97,97,26.6656266593142,710.358437628761,0.0955349932641584
"mac9a",417,1413,0.181174805378627,3.65215789076561,0,0,0,0,97,97,26.3708938013187,696.08335456849,0.0971579770874989
"mac10a",418,1421,0.172413793103448,3.64119221118517,0,0,0,0,97,97,26.4671791288181,700.814130263214,0.0965932027176681
"mac11a",419,1428,0.217086834733894,4.45900921689771,0,0,0,0,98,98,21.706181277262,469.790422819991,0.117997896756344
"mac12a",420,1443,0.135135135135135,3.61003462094047,0,0,0,0,97,97,26.7748903022195,715.428094412749,0.0950338232249392
"mac13a",421,1429,0.228831350594822,4.45819141492665,0,0,0,0,98,98,21.6950986877193,469.577690606079,0.117934968891427
"mac14a",422,1442,0.212205270457698,4.43716757214747,0,0,0,0,98,98,21.8177176047973,474.583247943069,0.11684851575167
"mac15a",423,1443,0.214830214830215,4.43581147737719,0,0,0,0,98,98,21.8208418784053,474.784512789857,0.116772321615686
"mac16a",424,1445,0.139792387543253,3.60802448399243,0,0,0,0,97,97,26.7787430079192,715.895622485813,0.0949151530669491
"mac17a",425,1435,0.358885017421603,5.73010926361463,0,0,0,0,98,98,16.8199828129018,281.282601025849,0.151264477921321
"mac18a",426,1445,0.303114186851211,5.12592373853147,0,0,0,0,98,98,18.8740275182762,354.91669941119,0.134846046198073
"mac19a",427,1443,0.268884268884269,4.42377833686299,0,0,0,0,97,97,21.7357849996476,472.276497888831,0.116455550318858
"mac19b",428,1443,0.245322245322245,4.42248352833117,0,0,0,0,97,97,21.7707425733602,473.297117047718,0.11642146460555
"mac19c",429,1443,0.212058212058212,4.42044096518731,0,0,0,0,97,97,21.8233242059835,474.834580977861,0.116367694322125
"mac19d",430,1442,0.308599167822469,5.1182866946501,0,0,0,0,98,98,18.8482998630951,354.014337545252,0.134785128967293
"neur1",431,1413,0.924274593064402,0.264651919370082,1,1,0,0,1,1,-3.2040147599817,8.27156598814628,0.00704050752661484
"wrat_read_raw",432,1368,42.9641812865497,8.58407556134599,44,43.5419708029197,8.8956,7,57,50,-0.703886486034434,0.491453372924967,0.232086822775899
"neur2a",433,1416,0.028954802259887,0.167738761020384,0,0,0,0,1,1,5.61244802142016,29.5204220446896,0.00445760728144626
"neur3a",434,1395,9.76989247311828,4.08123531491958,10,9.64816472694718,4.4478,0,24,24,0.332030437126061,-0.0239515615413732,0.109270903024763
"neur3b",435,1394,7.87159253945481,3.66665726446033,8,7.72132616487455,4.4478,0,21,21,0.395183228434131,-0.09012074408535,0.0982062052429515
"neur3c",436,1394,9.97130559540889,4.28346394098049,10,9.79121863799283,4.4478,0,25,25,0.409151369394366,0.138852771556033,0.11472649571479
"neur4a",437,1396,13.8273638968481,4.88295952175933,14,13.6932021466905,4.4478,0,31,31,0.309656000751478,0.158193364145771,0.130689415311477
"neur4b",438,1395,10.1161290322581,3.37230545996845,10,10.0071620411817,2.9652,2,21,19,0.328948096183999,-0.0578120867254484,0.0902900309470029
"neur4c",439,1396,8.57521489971347,3.44762163467279,8,8.43738819320215,2.9652,0,25,25,0.417405055274651,0.21980324836204,0.0922734775176356
"neur5",440,1372,17.5320699708455,6.07859950431276,18,17.7258652094718,7.413,0,28,28,-0.310025152854002,-0.497237799870009,0.164106761305837
"neur7a",441,1393,4.72361809045226,1.74704038831623,5,4.69686098654708,1.4826,0,11,11,0.232520084191393,0.293067848128448,0.0468087869970485
"neur7b",442,1392,6.45330459770115,2.14582750940243,6,6.44075403949731,2.9652,0,12,12,0.0248031964033902,-0.357096902863414,0.0575142142607529
"neur7c",443,1393,7.46805455850682,2.46131395789324,8,7.53363228699552,2.9652,0,12,12,-0.263924438872103,-0.389099535794669,0.065946455249913
"neur8",444,1388,24.5446685878963,3.44764431112011,25,24.9559352517986,2.9652,1,30,29,-1.77966801910315,5.73193455895845,0.0925396219214203
"neur9",445,1382,37.1432706222865,13.5104656088525,36,36.871609403255,13.3434,0,90,90,0.229240923712915,-0.0922585409961689,0.363426251601478
"neur6",446,1376,10.172238372093,4.47442668797317,10,10.2114337568058,4.4478,0,23,23,-0.0809675718278296,-0.623035579043601,0.120622459564906
"neur10a",447,1374,11.6950509461426,3.92975708969413,12,11.8009090909091,4.4478,0,22,22,-0.248995853613872,-0.0410780969818338,0.106016225942205
"neur10b",448,1374,13.2292576419214,4.0328931457607,13,13.37,4.4478,0,25,25,-0.338403933268222,0.286284819469327,0.108798610495035
"neur13a",449,1264,13.6606012658228,10.1567055783407,10,11.8369565217391,7.413,0,62,62,1.68558292162913,2.71858583761697,0.285679663986475
"neur13b",450,1261,2.13084853291039,1.59498469716244,2,2.06442021803766,1.4826,0,6,6,0.193858837339439,-1.12936342732386,0.0449157832459972
"neur8_c",451,1388,24.6296829971182,3.10842948409962,25,24.9559352517986,2.9652,15,30,15,-0.999059390000589,0.991350042672148,0.0834346189078068
"wrat3",452,1416,4.77189265536723,0.783812070792851,5,4.98324514991182,0,1,5,4,-4.02028732503847,15.8201588130358,0.0208295707730135
"p_flag",453,1416,0.939971751412429,0.237623092698891,1,1,0,0,1,1,-3.70049082271517,11.7018978770376,0.00631476244256767
"neur5_s",454,1318,0.00455235204855842,1.05863505975388,0,0.0426136363636364,1.4826,-3,2,5,-0.266135963909192,-0.327884860207944,0.0291600703685695
"neur6_s",455,1322,0.046142208774584,1.03173905842605,0,0.0595463137996219,1.4826,-2,3,5,-0.0838777751219717,-0.358133597381124,0.0283761939798496
"neur7a_s",456,1330,0.0639097744360902,1.03642018214625,0,0.103383458646617,1.4826,-3,4,7,-0.111472105170956,0.612790515585925,0.0284190817231137
"neur7b_s",457,1330,-0.00225563909774436,1.10372283119375,0,-0.0103383458646617,1.4826,-3,3,6,0.00444878775891385,-0.294983034791533,0.0302645489538869
"neur7c_s",458,1331,0.00150262960180316,1.01936033117221,0,0.0309859154929577,1.4826,-3,2,5,-0.228562293610967,-0.54234087236723,0.0279407912782697
"neur9_s",459,1326,-0.000754147812971342,1.02754488341659,0,-0.0376647834274953,1.4826,-3,4,7,0.255915598505783,0.0496315674662151,0.0282181825713257
"mneur34",460,1331,0.00300525920360631,0.833503331566058,0,-0.00845070422535211,1.4826,-2,3,5,0.142293729717268,-0.0133510778962935,0.0228464282009571
"mneur10",461,1322,0.0226928895612708,1.0416457649104,0,0.0623818525519849,1.4826,-3,3,6,-0.286180409994626,0.00982229957289382,0.0286486607655212
"mneur13",462,1262,0.00713153724247227,0.906814371660996,0,0.0950495049504951,1.4826,-3,2,5,-0.594211709098933,-0.374341872778594,0.0255263498403801
"n_flag",463,1416,0.855932203389831,0.351282525993275,1,0.944444444444444,0,0,1,1,-2.02504145535678,2.10227905212641,0.00933522780415773
"verbal_s",464,1331,-0.00352892561983471,0.999943777230163,-0.027,-0.0144253521126761,1.0837806,-3.34,3.026,6.366,0.0745069928632064,-0.325472700358632,0.0274085811613486
"speed_s",465,1331,-0.000186326070623592,1.00279241091655,-0.016,0.000322065727699529,0.9948246,-3.369,3.424,6.793,0.0370727018885066,-0.0636630531186695,0.0274866625588933
"reason_s",466,1330,-0.000699248120300751,0.998775558007942,0.078,0.0408524436090226,1.0422678,-3.649,2.209,5.858,-0.381748696403662,-0.287884297116366,0.0273868501357211
"memory_s",467,1330,-0.000779699248120302,1.00315565540101,0.145,0.0801334586466165,0.9088338,-4.135,2.288,6.423,-0.790213255865667,0.648845919948281,0.027506954267147
"neuro_ss",468,1331,-0.00189105935386927,1.00042853569873,0.022,0.0124450704225352,0.9829638,-3.283,2.887,6.17,-0.140316211966753,-0.150427937495702,0.0274218684502261
"scid01",469,1460,0.977397260273973,0.148684221295084,1,1,0,0,1,1,-6.4172280245167,39.2076714952319,0.00389124391687721
"scid02",470,1460,0.967123287671233,0.178374961837224,1,1,0,0,1,1,-5.2339558804212,25.4117008398157,0.00466828611083598
"scid03",471,1460,0.277397260273973,0.447867622776976,0,0.221746575342466,0,0,1,1,0.993375099172335,-1.01389895661231,0.0117212313957539
"scid04",472,1460,0.108219178082192,0.310763469712284,0,0.0102739726027397,0,0,1,1,2.51968147512045,4.35177681218678,0.00813305171572743
"scid05",473,1460,0.141780821917808,0.348944722515611,0,0.0522260273972603,0,0,1,1,2.05175088994075,2.21119764037659,0.00913230077131374
"scid06",474,1460,0.0417808219178082,0.20015650124786,0,0,0,0,1,1,4.57547295716408,18.9479322245822,0.00523833505075439
"scid07",475,1460,0.178767123287671,0.383288484368406,0,0.098458904109589,0,0,1,1,1.67504564987392,0.806331618163971,0.0100311180985884
"scid08",476,1460,0.0458904109589041,0.209319112998108,0,0,0,0,1,1,4.33594953252167,16.8119748068846,0.00547813155992871
"scid09",477,1460,0.166438356164384,0.372601288216837,0,0.0830479452054795,0,0,1,1,1.78922181698037,1.20213950065033,0.00975142139203118
"scid09a",478,1460,0.0904109589041096,0.286867883541738,0,0,0,0,1,1,2.85363767880437,6.14745999800393,0.00750767564342845
"scid09b",479,1460,0.0904109589041096,0.286867883541738,0,0,0,0,1,1,2.85363767880437,6.14745999800393,0.00750767564342845
"scid09c",480,1460,0.0143835616438356,0.119106639213705,0,0,0,0,1,1,8.14872835907288,64.4459163156031,0.00311716321518875
"scid09d",481,1460,0.00547945205479452,0.0738455327214919,0,0,0,0,1,1,13.3842039464984,177.258326501207,0.00193262592014236
"scid09e",482,1460,0.0219178082191781,0.146465392256485,0,0,0,0,1,1,6.52379010310068,40.5876384687624,0.00383317450693018
"scid09f",483,1460,0.0198630136986301,0.139577283597522,0,0,0,0,1,1,6.8751606706346,45.2988622721076,0.00365290446425509
"scid10",484,1460,0.0547945205479452,0.227656713953106,0,0,0,0,1,1,3.90852118056838,13.285638978749,0.00595804851106664
"scid10a",485,1460,0.0294520547945205,0.169127830934466,0,0,0,0,1,1,5.5605946046163,28.9400357062246,0.00442627763434464
"scid10b",486,1460,0.0253424657534247,0.1572169034837,0,0,0,0,1,1,6.03411485452117,34.4341285041486,0.00411455441594626
"scid10c",487,1460,0.00410958904109589,0.0639961362875529,0,0,0,0,1,1,15.4868962015408,238.006973839603,0.00167485543431244
"scid10d",488,1460,0.000684931506849315,0.0261711961295107,0,0,0,0,1,1,38.1314686116507,1453.00410818165,0.000684931506849315
"scid10e",489,1460,0.00273972602739726,0.0522885512789647,0,0,0,0,1,1,19.0068254938921,359.505653511318,0.00136845393084976
"scid10f",490,1460,0.00547945205479452,0.0738455327214919,0,0,0,0,1,1,13.3842039464984,177.258326501207,0.00193262592014236
"scid11",491,1460,0.204109589041096,0.403187558476595,0,0.13013698630137,0,0,1,1,1.46675035018983,0.15146173777045,0.0105519006698695
"scid11a",492,1460,0.142465753424658,0.349646961170216,0,0.0530821917808219,0,0,1,1,2.04371494555132,2.17826414748686,0.00915067919687312
"scid11b",493,1460,0.105479452054795,0.307275458268283,0,0.00684931506849315,0,0,1,1,2.56610359065902,4.58803153241627,0.00804176628412451
"scid11c",494,1460,0.0150684931506849,0.121867165379883,0,0,0,0,1,1,7.95291103179467,61.290775269775,0.00318940948690444
"scid11d",495,1460,0.0116438356164384,0.107313300567854,0,0,0,0,1,1,9.09526910974906,80.7792498391422,0.00280851743646645
"scid11e",496,1460,0.0321917808219178,0.176569601173341,0,0,0,0,1,1,5.29522408708015,26.0572469688967,0.00462103766281698
"scid11f",497,1460,0.0191780821917808,0.137197579940345,0,0,0,0,1,1,7.00438867706633,47.0937181178008,0.003590624773113
"scid12",498,1460,0.0780821917808219,0.268392812766052,0,0,0,0,1,1,3.14187864476495,7.8767978925519,0.00702416094265139
"scid12a",499,1460,0.0527397260273973,0.223590001468329,0,0,0,0,1,1,3.99797780208437,13.9934124421015,0.00585161778102523
"scid12b",500,1460,0.0287671232876712,0.167208629315471,0,0,0,0,1,1,5.6326054031523,29.7466194315636,0.00437604983236183
"scid12c",501,1460,0.00136986301369863,0.0369989744219292,0,0,0,0,1,1,26.9352660326649,724.004451117176,0.000968307416187059
"scid12d",502,1460,0,0,0,0,0,0,0,0,NA,NA,0
"scid12e",503,1460,0.00753424657534247,0.086502062270326,0,0,0,0,1,1,11.3784211658712,127.55583664642,0.00226386243728385
"scid12f",504,1460,0.00273972602739726,0.0522885512789647,0,0,0,0,1,1,19.0068254938921,359.505653511318,0.00136845393084976
"scid13",505,1460,0.05,0.218019624221259,0,0,0,0,1,1,4.12524131649309,15.0279104156996,0.0057058343455768
"scid14",506,1460,0.0445205479452055,0.206319229988791,0,0,0,0,1,1,4.41226423588425,17.4800497311375,0.00539962103332628
"scid15",507,1460,0.136301369863014,0.343225864561041,0,0.0453767123287671,0,0,1,1,2.11784459746955,2.48697055058984,0.00898263141814787
"scid15a",508,1460,0.0547945205479452,0.227656713953106,0,0,0,0,1,1,3.90852118056838,13.285638978749,0.00595804851106664
"scid15b",509,1460,0.0547945205479452,0.227656713953106,0,0,0,0,1,1,3.90852118056838,13.285638978749,0.00595804851106664
"scid15c",510,1460,0.0136986301369863,0.116276558714195,0,0,0,0,1,1,8.35883504133401,67.9166429038698,0.00304309662337375
"scid15d",511,1460,0.0417808219178082,0.20015650124786,0,0,0,0,1,1,4.57547295716408,18.9479322245822,0.00523833505075439
"scid15e",512,1460,0.0287671232876712,0.167208629315471,0,0,0,0,1,1,5.6326054031523,29.7466194315636,0.00437604983236183
"scid16",513,1460,0.116438356164384,0.320859750900312,0,0.0205479452054795,0,0,1,1,2.38919920186575,3.71081588798594,0.008397283470878
"scid16a",514,1460,0.0438356164383562,0.204799372810216,0,0,0,0,1,1,4.45169275616356,17.8297819817908,0.00535984455301695
"scid16b",515,1460,0.0445205479452055,0.206319229988791,0,0,0,0,1,1,4.41226423588425,17.4800497311375,0.00539962103332628
"scid16c",516,1460,0.0116438356164384,0.107313300567854,0,0,0,0,1,1,9.09526910974906,80.7792498391422,0.00280851743646645
"scid16d",517,1460,0.0356164383561644,0.185395387655317,0,0,0,0,1,1,5.00622476729554,23.0780947419623,0.00485201905183397
"scid16e",518,1460,0.026027397260274,0.159271299194683,0,0,0,0,1,1,5.94768757918864,33.3978641961564,0.00416832040902602
"scid17",519,1459,0.980123372172721,0.139624171700502,1,1,0,0,1,1,-6.87265377204024,45.2643955394771,0.00365538364013694
"scid17a",520,1429,23.4765570328901,9.417356311746,22,23.1021834061135,7.413,0,60,60,0.397772847249229,0.803067578974394,0.249122462518473
"scid18",521,1459,0.986977381768334,0.113410075245002,1,1,0,0,1,1,-8.58201717884904,71.7001636280129,0.00296909430959073
"scid18a",522,1399,26.023588277341,8.75007547839294,24,25.149866190901,7.413,0,62,62,0.923240583924033,0.928739502086065,0.233939168546248
"scid19",523,1457,2.77487989018531,1.43785186901835,4,2.96401028277635,0,0,4,4,-0.694144223562148,-1.02526824840547,0.0376690242226754
"scid20",524,1457,0.678105696636925,1.02107987026379,0,0.464438731790917,0,0,4,4,1.65659180316005,2.20401086318692,0.0267503789472503
"scid21",525,1458,0.254458161865569,0.435705647292941,0,0.193493150684932,0,0,1,1,1.12632659052768,-0.731888982004751,0.0114107562148931
"scid21a",526,1449,6.91787439613527,12.8435450136386,0,4.04823428079242,0,0,59,59,1.62848543161295,1.42000537836787,0.337404382608297
"scid22",527,1456,0.449862637362637,0.497650819859522,0,0.437392795883362,0,0,1,1,0.201357761852757,-1.9608003404591,0.0130419952110242
"scid22a",528,1460,0.183561643835616,0.387258938662128,0,0.104452054794521,0,0,1,1,1.63312753299758,0.667564181847928,0.0101350296366327
"scid22b",529,1460,0.160958904109589,0.367618959624163,0,0.0761986301369863,0,0,1,1,1.84326116535503,1.39857105615909,0.00962102789325064
"scid22c",530,1460,0.0212328767123288,0.144209173391093,0,0,0,0,1,1,6.63535043367827,42.0566827318632,0.00377412656049292
"scid22d",531,1460,0.173972602739726,0.379215812644149,0,0.0924657534246575,0,0,1,1,1.71830435314428,0.953224150360453,0.0099245314081218
"scid23",532,1459,0.332419465387252,0.471241944975737,0,0.290846877673225,0,0,1,1,0.710741802757578,-1.49586995151161,0.0123371911555943
"scid24",533,1459,0.163810829335161,0.37023072533039,0,0.0804106073567151,0,0,1,1,1.81486150823849,1.29461103072985,0.00969270091250162
"scid25",534,1457,0.176389842141386,0.381282367180966,0,0.0959725792630677,0,0,1,1,1.69631789202285,0.878098479358044,0.00998888344097951
"scid26",535,1459,0.211788896504455,0.40871610595568,0,0.140290846877673,0,0,1,1,1.40935754246927,-0.0137193117129542,0.0107002544686572
"scid27",536,1459,0.136394790952707,0.343324979522417,0,0.0461933276304534,0,0,1,1,2.11668835861321,2.4820722311791,0.0089883040888405
"scid28",537,1459,0.237148732008225,0.425480071574087,0,0.171941830624465,0,0,1,1,1.23470464084819,-0.475829174639395,0.0111391378290312
"scid29",538,1458,0.198902606310014,0.399311559389374,0,0.124143835616438,0,0,1,1,1.5070481814384,0.271381765009278,0.0104576263500149
"scid30",539,1456,0.203983516483516,0.403095322353615,0,0.130360205831904,0,0,1,1,1.46770830167356,0.154275031740767,0.0105639678544207
"scrn07",540,1460,0.275342465753425,0.446839736000544,0,0.219178082191781,0,0,1,1,1.00485091694193,-0.990951961869233,0.011694330369329
"scrn08",541,1460,1.14041095890411,0.595974474836855,1,1,0,1,7,6,5.20512090002723,33.4931462322489,0.0155973648691375
"scrn09a",542,1460,0.0931506849315069,0.290743070663201,0,0,0,0,1,1,2.79676932782372,5.82591042973715,0.00760909392562281
"scrn09b",543,1460,0.0958904109589041,0.29454178172686,0,0,0,0,1,1,2.74210877169088,5.52294476173417,0.00770851073790917
"scrn09c",544,1460,0.0917808219178082,0.28881522758338,0,0,0,0,1,1,2.82491736546441,5.98425833585393,0.0075586399662739
"scrn09d",545,1460,0.13013698630137,0.336569367905686,0,0.0376712328767123,0,0,1,1,2.19633584106146,2.82582803245571,0.00880842293864515
"scrn09e",546,1460,0.0404109589041096,0.196988557341661,0,0,0,0,1,1,4.66295362816295,19.7566699111628,0.00515542616945796
"scrn09f",547,1460,0.0821917808219178,0.27475078906921,0,0,0,0,1,1,3.03927825342676,7.2421741020456,0.00719055678746811
"scrn09g",548,1460,0.150684931506849,0.357864080121664,0,0.0633561643835616,0,0,1,1,1.9508848805292,1.80719102622237,0.009365731028571
"scrn09h",549,1460,0.0116438356164384,0.107313300567854,0,0,0,0,1,1,9.09526910974906,80.7792498391422,0.00280851743646645
"scrn09i",550,1460,0.0136986301369863,0.116276558714195,0,0,0,0,1,1,8.35883504133401,67.9166429038698,0.00304309662337375
"scrn09j",551,1460,0.0383561643835616,0.192120405034224,0,0,0,0,1,1,4.80248457862975,21.0782967245861,0.00502802080063172
"scrn09k",552,1460,0.554794520547945,0.497158780353831,1,0.568493150684932,0,0,1,1,-0.220279686161625,-1.95281299594026,0.0130112399481484
"scrn10",553,1460,0.158219178082192,0.36507143888851,0,0.0727739726027397,0,0,1,1,1.87112268494247,1.50213036559329,0.00955435622843388
"scrn11",554,1457,0.0123541523678792,0.110498450020761,0,0,0,0,1,1,8.82023514017813,75.8486074105074,0.00289485230021772
"scrn03",555,1460,-11.3171232876712,9.72183977199284,-9,-10.0094178082192,5.9304,-93,6,99,-2.47445875583123,10.7271811971621,0.254432175412502
"sf01",556,1441,3.0381679389313,1.06682966311884,3,3.08933217692975,1.4826,1,5,4,-0.26104796350223,-0.509655263788882,0.0281036735642738
"sf02",557,1440,2.62083333333333,0.660077174505367,3,2.77604166666667,0,1,3,2,-1.49302103082106,0.854280315019226,0.0173945608577115
"sf03",558,1442,2.53952843273232,0.70205748944312,3,2.67417677642981,0,1,3,2,-1.19857247039766,0.0202297418468675,0.0184880048544279
"sf04",559,1441,0.369188063844552,0.482752488654252,0,0.336513443191674,0,0,1,1,0.541565960387713,-1.70789007784416,0.0127172301469541
"sf05",560,1441,0.352532963219986,0.47792466186588,0,0.315698178664354,0,0,1,1,0.616685900272791,-1.62082184560919,0.0125900498924339
"sf06",561,1442,0.545769764216366,0.498073453973301,1,0.557192374350087,0,0,1,1,-0.183659752901935,-1.96763216881581,0.0131162826027598
"sf07",562,1440,0.476388888888889,0.499615712101979,0,0.470486111111111,0,0,1,1,0.0944514511239264,-1.99246113051908,0.0131660300420767
"sf08",563,1441,1.86398334489938,1.18184787503401,1,1.66782307025152,0,1,5,4,1.12426868794804,-0.0144743942511467,0.0311336177000232
"sf09",564,1441,3.36224843858432,1.39266588755039,4,3.36253252385082,1.4826,1,6,5,0.00265223353453334,-0.950201209454832,0.0366872321241932
"sf10",565,1442,3.6872399445215,1.39542854681663,4,3.71663778162912,1.4826,1,6,5,-0.275666708842838,-0.7139673844874,0.0367472609230577
"sf11",566,1442,4.2253814147018,1.3626705217633,4,4.32409012131716,1.4826,1,6,5,-0.49351931288939,-0.489700128205675,0.0358846100215084
"sf12",567,1439,3.42112578179291,1.30655717002702,3,3.50650477016479,1.4826,1,5,4,-0.210872294114763,-1.10450434325803,0.0344427659583003
"physical",568,1434,48.2064156206416,10.1795774427514,51,49.1289198606272,8.8956,13,68,55,-0.756934189778538,-0.165008170547361,0.268816037474455
"mental",569,1434,40.9281729428173,11.6687115355376,40,41.0226480836237,13.3434,8,67,59,-0.0384590824186647,-0.894750426546628,0.308140177237836
"b1_sfphy",570,1434,48.2067882217573,10.1669121584372,51.08977,49.1236896080139,9.16758296999999,13.42879,68.06714,54.63835,-0.752092931130538,-0.181887726567948,0.268481580414525
"b1_sfmtl",571,1434,40.9172250906555,11.6535689781318,40.317175,41.0134407491289,13.98151104,7.63715,67.37178,59.73463,-0.0410554059033736,-0.89686795756505,0.307740301869535
"surfqa",572,1441,0.170714781401804,0.433016040708107,0,0.0693842150910668,0,0,3,3,3.11587963509333,12.9218211418144,0.0114070145186798
"surfqb",573,1440,0.05,0.284410806056674,0,0,0,0,3,3,7.43651440885237,65.4533441605789,0.00749488281919584
"surfqc",574,1439,0.0562890896455872,0.32771873831924,0,0,0,0,3,3,7.23940609018022,57.8187358078368,0.00863914726658734
"surfqd",575,1438,0.390125173852573,0.578036761712039,0,0.322916666666667,0,0,3,3,1.67670264914787,4.20416339403636,0.0152431953830935
"surfqe",576,1438,0.381780250347705,0.618325258783791,0,0.291666666666667,0,0,3,3,1.99951394351704,5.23014062895398,0.0163056285590337
"surfqf",577,1441,0.0916030534351145,0.347519380900952,0,0,0,0,3,3,4.94557091958988,31.0454491393641,0.00915476160415958
"surfqg",578,1441,0.0388619014573213,0.265915261040877,0,0,0,0,3,3,8.71163415038112,86.1571163394766,0.00700505052531422
"surfqh",579,1441,0.058292852185982,0.310804735521331,0,0,0,0,3,3,6.92003117162821,55.8501789772532,0.00818758151492165
"surfqi",580,1440,0.0166666666666667,0.192997639754118,0,0,0,0,3,3,13.6510059210067,199.45893488328,0.00508593437216393
"surfqj",581,1438,0.0354659248956885,0.243483244491628,0,0,0,0,3,3,8.95461929688268,94.3459390813747,0.00642080731561559
"surfqk",582,1440,0.151388888888889,0.511845250989538,0,0.00868055555555556,0,0,3,3,4.193636257987,18.9659093605664,0.0134883066888958
"surfql",583,1440,0.204861111111111,0.466058519488023,0,0.108506944444444,0,0,3,3,2.76124742479877,10.2163004043726,0.012281720370901
"surfqm",584,1442,710.257281553398,683.972408116669,619,604.474870017331,475.1733,0,6667,6667,2.31855234308841,10.3697022146391,18.0117517321638
"surfqn",585,1435,4.17212543554007,14.1799179558242,2,2.00696257615318,0,1,98,97,6.45694060646762,39.7500657795288,0.374324081422817
"dworked",586,1435,2.35400696864111,5.89447915940169,0,0.613577023498694,0,0,30,30,2.55293530139076,5.45734861310015,0.155603544652577
"hworked",587,1427,4.33917309039944,11.1972572347973,0,1.07786526684164,0,0,72,72,2.81621724470708,7.4845952355944,0.296414653009471
"earnweek",588,1413,38.0438782731776,159.916225588519,0,5.19186560565871,0,0,4000,4000,13.2965223585059,281.156368958465,4.25423474185875
"surfq2",589,1439,0.0618485059068798,0.240963935479708,0,0,0,0,1,1,3.63412898203055,11.2146882965297,0.00635216324590444
"surfq3",590,1439,0.0687977762334955,0.253197933305899,0,0,0,0,1,1,3.40368157084501,9.59171522634548,0.00667466939682404
"surfq4a",591,1438,1.65159944367177,0.735070057719757,2,1.81336805555556,0,0,2,2,-1.71347354049093,1.05042593496147,0.0193842628224846
"surfq4b",592,1437,1.64787752261656,0.740692491256961,2,1.80886185925282,0,0,2,2,-1.69712946075613,0.981204730267742,0.0195393250600596
"surfq4c",593,1437,1.64231036882394,0.75111223451684,2,1.80191138140747,0,0,2,2,-1.67323764966578,0.871573295654817,0.0198141958775721
"surfq4d",594,1437,1.63604732080724,0.760558340564769,2,1.79409209383145,0,0,2,2,-1.64626387758987,0.761137122168192,0.0200633823332213
"surfq4e",595,1437,0.46624913013222,0.781761582500856,0,0.33362293657689,0,0,2,2,1.24794396351827,-0.206251993469163,0.0206227197659705
"arrest",596,1437,0.0194850382741823,0.148000646803532,0,0,0,0,2,2,8.18945264581565,73.8056257411857,0.00390422851740515
"police",597,1437,0.0626304801670146,0.50372101255095,0,0,0,0,15,15,19.9449075198812,545.485360547225,0.0132880631571043
"court",598,1437,0.0201809324982603,0.154808608940827,0,0,0,0,2,2,8.42265416757676,78.5301923314034,0.00408382124551751
"nitejail",599,1437,0.0911621433542102,1.16621956657041,0,0,0,0,30,30,17.393988938664,362.451881841361,0.0307646472343079
"parole",600,1438,0.0681502086230876,0.252091156087809,0,0,0,0,1,1,3.42375738430936,9.72888164148687,0.00664780339439846
"income",601,1327,1.75433308214017,1.06284876620917,1,1.55032925682032,0,0,5,5,1.39691215211112,1.32376319168778,0.0291766893440532
"support",602,1367,75.6108266276518,308.319369796843,0,12.5972602739726,0,0,5000,5000,8.09600606458776,85.0354486737246,8.33904951051302
"priv1a",603,1437,0.0911621433542102,0.287939755987969,0,0,0,0,1,1,2.8377696392841,6.0571531159797,0.00759579522726842
"public1b",604,1436,0.536908077994429,0.49880964358561,1,0.546086956521739,0,0,1,1,-0.14788156750592,-1.97950807501669,0.0131630830448843
"medcaid",605,1431,0.469601677148847,0.499249557784716,0,0.462008733624454,0,0,1,1,0.121690964625227,-1.98657808910159,0.0131976884490084
"insur2gd",606,1438,0.547287899860918,0.497931995318682,1,0.559027777777778,0,0,1,1,-0.189805097133477,-1.96533929182297,0.0131307819759696
"vital_sysbp",607,1459,124.587388622344,16.1386229116998,122,123.706586826347,16.3086,82,190,108,0.617694322795481,0.643647975960564,0.422511786084634
"vital_diabp",608,1459,78.8684030157642,10.8663388757091,80,78.5106928999145,11.8608,50,120,70,0.411248235228273,0.409700468907536,0.284482528137412
"bmi",609,1446,29.8040251327801,7.03194657356135,28.693878,29.1463719421416,6.581580159,16.49898,60.982777,44.483797,0.941312594197587,1.0705854816968,0.184923206769971
"waist",610,1437,39.3979123173278,6.494408187035,38.5,38.9879061685491,6.6717,25.5,75,49.5,0.691424826006286,0.763979433344917,0.171321235380482
"hips",611,1435,42.5420975609756,5.68209516198081,42,42.1178851174935,5.1891,25,64.44,39.44,0.737409300680032,0.743774133088018,0.149996992838163
"wh_ratio",612,1434,0.925739191073919,0.0815741262423284,0.93,0.924216027874564,0.0741299999999999,0.67,1.39,0.72,0.348716112691345,1.20795541050827,0.00215415949239803
"b1_wt",613,1454,195.668500687758,47.1087261927568,189,191.609965635739,42.9954,101,413,312,1.01385066441828,1.71509569534078,1.23543288681165
"bmi_cat",614,1446,3.43499308437068,1.26364917548601,3,3.32037996545769,1.4826,1,6,5,0.51645508565826,-0.585123061566722,0.033230920530836
"heart_rate",615,1458,78.1604938271605,12.7432392735201,78,77.6934931506849,11.8608,45,132,87,0.400733772235543,0.476989584999799,0.333734477947734
"height_std",616,1451,68.0206753962784,3.88537307826654,68,68.1231696813092,4.4478,48,80,32,-0.325445707586619,0.489591257558182,0.101999729588831
"weight_std",617,1454,195.668500687758,47.1087261927568,189,191.609965635739,42.9954,101,413,312,1.01385066441828,1.71509569534078,1.23543288681165
"Olanzapine",618,1460,0.23013698630137,0.421064590099266,0,0.162671232876712,0,0,1,1,1.28093495562967,-0.359450431299369,0.0110197639706799
"Quetiapine",619,1460,0.230821917808219,0.421503082218658,0,0.163527397260274,0,0,1,1,1.27635466970461,-0.371171577158702,0.0110312398339378
